file_id	file_name	file_size	md5sum	project	case	sample	sample_type
44398018-6310-4030-80c0-8b2000a7f7cf	d486de56-856b-4970-8c67-6913bf4cc72a.methylation_array.sesame.level3betas.txt	13099042	7729a6df6965b14c68d25a68fa340a31	TCGA-LUAD	TCGA-05-4384	TCGA-05-4384-01A	Primary Tumor
5b35a8d6-346e-4479-a0f0-950685ae221b	e402ff66-76ef-4431-8283-6a46e5719d51.methylation_array.sesame.level3betas.txt	13147243	4ed992ed1eee76683661d1684170631e	TCGA-LUAD	TCGA-05-4390	TCGA-05-4390-01A	Primary Tumor
b25c098a-ca6a-4458-9e0a-4399ec49680c	e2822b2f-317d-416a-b384-faa0b7fcc85e.methylation_array.sesame.level3betas.txt	13190692	b7b55d721badf13825c2cfd8e503025e	TCGA-LUAD	TCGA-05-4396	TCGA-05-4396-01A	Primary Tumor
188e5c5b-5662-49fb-8a5c-1806d5550159	c304a276-af99-431a-b60f-f07ff02434b4.methylation_array.sesame.level3betas.txt	13170107	6b6064bfb34a1859da115583bf52baec	TCGA-LUAD	TCGA-05-4405	TCGA-05-4405-01A	Primary Tumor
c9c92786-4193-4b3d-a690-6bbbcac6ec1d	f6762fc1-7045-4a39-a7ff-c95dae7407b6.methylation_array.sesame.level3betas.txt	13185739	128af453001fde78b8be65db8baf38c9	TCGA-LUAD	TCGA-05-4410	TCGA-05-4410-01A	Primary Tumor
d14d7f54-286d-477a-9c7f-fbcf4d71563b	a4afcab5-875e-4378-9310-4aa73c1a85d6.methylation_array.sesame.level3betas.txt	13174753	3fee668e0e0aa8b1500dffc4828b6729	TCGA-LUAD	TCGA-05-4415	TCGA-05-4415-01A	Primary Tumor
425e7c64-dc7b-4cce-bb79-dc953c79e9cc	326212ca-759b-4b7e-ac7a-99e535193d5b.methylation_array.sesame.level3betas.txt	13184940	771c13e32f974265d026864926a48def	TCGA-LUAD	TCGA-05-4417	TCGA-05-4417-01A	Primary Tumor
6eac4810-d2d3-4c48-8854-d61cc96cc7d4	c760d927-69fb-4c81-94f4-96aa62abe13d.methylation_array.sesame.level3betas.txt	13204757	d17d1aa156ccd56f77b84d3bb093abbe	TCGA-LUAD	TCGA-05-4424	TCGA-05-4424-01A	Primary Tumor
45d04cd4-020d-41aa-8cce-210ff947c580	e2f5adf9-5d86-46a6-bb81-0b9b94f1505c.methylation_array.sesame.level3betas.txt	13128371	8408541a6ab935e4fa007eac816009d6	TCGA-LUAD	TCGA-05-4425	TCGA-05-4425-01A	Primary Tumor
8b6702f4-257e-40b8-9607-8bb4ca5a07dd	a9590d2f-6d3b-41f8-b0a9-79e01f59db0e.methylation_array.sesame.level3betas.txt	13158718	d82d737d6c7c11168bcc50cebf32d49d	TCGA-LUAD	TCGA-05-4427	TCGA-05-4427-01A	Primary Tumor
b180f2a2-d8a6-4523-bd93-ca4ce5b74119	11aabaa8-910f-40d6-af86-a021a43add38.methylation_array.sesame.level3betas.txt	13194115	c3d068ab38e567b9f9b73a912f88f1fa	TCGA-LUAD	TCGA-05-4433	TCGA-05-4433-01A	Primary Tumor
0ef47f35-e591-451e-8cf9-864f6acb581b	fcae0136-8e13-41bb-8279-b8e40b738980.methylation_array.sesame.level3betas.txt	13214388	ca669123c3cf9dbcbbf8da4f7d97d7a0	TCGA-LUAD	TCGA-05-5420	TCGA-05-5420-01A	Primary Tumor
7e247936-abc8-4191-b837-6f787a960aee	e16a3735-6900-4da7-ba40-5116cad76e45.methylation_array.sesame.level3betas.txt	13191103	66d1d6e0a5c56b2ef21b7ccac3430b1f	TCGA-LUAD	TCGA-05-5420	TCGA-05-5420-11A	Solid Tissue Normal
bd3fdcd8-21bc-46fa-abad-189c23e21f34	45a2e8a1-2094-4d06-9804-fcd804b0d173.methylation_array.sesame.level3betas.txt	13178683	9d0d243b18de74a1a4bb46216ca6f595	TCGA-LUAD	TCGA-05-5423	TCGA-05-5423-01A	Primary Tumor
cb8f3bef-9be3-41b9-a6c1-b4f8a2f3758e	b289f086-8331-4d90-a8d0-3b2cc5e598a2.methylation_array.sesame.level3betas.txt	13210350	4d7fc7c581201ef20c8a5e326ecdef0d	TCGA-LUAD	TCGA-05-5425	TCGA-05-5425-01A	Primary Tumor
884c7c7d-a672-4cb2-bf1e-6ae20a0c3712	0aa70f64-9f66-401f-96f7-0669087f9b57.methylation_array.sesame.level3betas.txt	13194012	2861871d211e4330ac093f2f98e0f336	TCGA-LUAD	TCGA-05-5428	TCGA-05-5428-01A	Primary Tumor
841976a2-28b4-443f-b79e-83dd46e65935	f3fc32cc-0959-441f-b624-f0e8e27dd8f2.methylation_array.sesame.level3betas.txt	13195746	8ac45eec86d43516dcf0e8f9db984834	TCGA-LUAD	TCGA-05-5429	TCGA-05-5429-01A	Primary Tumor
2a2fbe3a-d860-48cf-9159-58a97989ffcb	3a29a1a0-476b-4e6f-83da-3d8ee4ebae34.methylation_array.sesame.level3betas.txt	13170330	8493a993309a66cab7ab2db7773d98f8	TCGA-LUAD	TCGA-05-5715	TCGA-05-5715-01A	Primary Tumor
db172586-332b-4a89-bd7f-0041104616fb	9ad39f37-2fc7-458b-aceb-542a6405da61.methylation_array.sesame.level3betas.txt	13158824	c9725a9e0d450e7c90fddee0abe87507	TCGA-LUAD	TCGA-35-5375	TCGA-35-5375-01A	Primary Tumor
02eee71c-fe4a-40b9-8e5f-a8691e8013e6	604e65e3-1510-49c0-8532-6dd5cd321779.methylation_array.sesame.level3betas.txt	13162603	06f58226fc40cc3345bd1427ebb620e1	TCGA-LUAD	TCGA-38-4631	TCGA-38-4631-01A	Primary Tumor
2d0eabf8-19d5-4365-a3f9-055d9cb3cb87	70e94f6a-803f-4a7d-b866-5a6539889acb.methylation_array.sesame.level3betas.txt	13015950	92e361d2b1eca1fce3495d99c9b56c5d	TCGA-LUAD	TCGA-38-4631	TCGA-38-4631-11A	Solid Tissue Normal
d0eb067a-0cab-497d-b1c9-b3bef5f376f3	0420b983-f96c-414f-a769-a1aa0d9997a3.methylation_array.sesame.level3betas.txt	13127211	1d9f6c16cb10a784ffecdc438643de98	TCGA-LUAD	TCGA-38-4632	TCGA-38-4632-01A	Primary Tumor
8e26cca4-10c6-49e7-8461-134503b54728	dc75ef87-791f-499b-a9a9-c0c29556ed1e.methylation_array.sesame.level3betas.txt	13169144	7b935ad4864e8eefdf5083aaba45bf9c	TCGA-LUAD	TCGA-38-4632	TCGA-38-4632-11A	Solid Tissue Normal
7824f6b4-3823-42e4-ba69-da904ea9d34a	4d3ef394-2249-448e-99c8-7ccc713e3199.methylation_array.sesame.level3betas.txt	13143445	2e1001ba5468491ea768dd241ea4b945	TCGA-LUAD	TCGA-38-6178	TCGA-38-6178-01A	Primary Tumor
869b1c78-5b77-4a49-8f04-8ad4a2e4f638	b7a9e37e-00ec-47e2-9c31-e2cc81146002.methylation_array.sesame.level3betas.txt	13158779	fefb4d3ec4325b55a3775e0e01f3f09f	TCGA-LUAD	TCGA-38-7271	TCGA-38-7271-01A	Primary Tumor
682bee4f-6a44-4b3b-b282-d6edfc2265de	cc616472-f1af-428d-b468-0f45c467374e.methylation_array.sesame.level3betas.txt	13189570	ef6507ad43245b13507e2438ad521558	TCGA-LUAD	TCGA-38-A44F	TCGA-38-A44F-01A	Primary Tumor
8f5ab8b4-72a8-4365-a54a-f7dac0e384bd	3211c900-d9ba-4b44-9329-8bc476c59266.methylation_array.sesame.level3betas.txt	13131979	2afd96219c0107a42b3da9619fa08317	TCGA-LUAD	TCGA-44-2655	TCGA-44-2655-11A	Solid Tissue Normal
8d5e1a2d-96b2-42ec-9087-3ea11cabd5e6	2fd9f4a8-cc60-4163-a847-c7e470dc4322.methylation_array.sesame.level3betas.txt	13071256	86493e99780f9cc3e3923cbdf057c521	TCGA-LUAD	TCGA-44-2656	TCGA-44-2656-01A	Primary Tumor
c280687c-5ca6-47e1-93c4-b1c71d2a76d8	34c597f2-0e65-4c72-8a7d-dcbf3d96c31b.methylation_array.sesame.level3betas.txt	13056193	ef2d4010f73d95745af913b88de1984d	TCGA-LUAD	TCGA-44-2656	TCGA-44-2656-01B	Primary Tumor
2133d30f-bec6-46af-822a-eb1f94bdb793	49e86cdd-4bbc-4c43-b462-26348eeec049.methylation_array.sesame.level3betas.txt	13099885	c30915ae44c63ea0034c5c1881adbb82	TCGA-LUAD	TCGA-44-2656	TCGA-44-2656-11A	Solid Tissue Normal
5e9ff231-d11f-4cc3-9c91-d898bc562f4f	97080112-15c6-4b74-abd1-1f6d04f74ac6.methylation_array.sesame.level3betas.txt	13112620	dfc483716aa44dbdde8fe72070a09049	TCGA-LUAD	TCGA-44-2659	TCGA-44-2659-11A	Solid Tissue Normal
897abab8-083d-41e6-9c52-c97b6eec152b	38f9f70f-01d2-427e-a3e7-020e3d7bb8f6.methylation_array.sesame.level3betas.txt	12916350	312e0dfbbaef3810032a5e0a142dfb25	TCGA-LUAD	TCGA-44-2662	TCGA-44-2662-11A	Solid Tissue Normal
bfe5caf9-c16b-4a48-9906-7020be48d009	ab2b4361-b6a3-4cb5-8c9d-98da0e97693c.methylation_array.sesame.level3betas.txt	13136939	f4f8fe6eb6318bf0ad0a8d0276111576	TCGA-LUAD	TCGA-44-2665	TCGA-44-2665-01A	Primary Tumor
0f59f51f-a4f6-40d7-b116-145053db1e85	25538bf0-3e9f-4f76-820e-575e7b5e29bc.methylation_array.sesame.level3betas.txt	12996636	311e4ce34021697946e24d5f3c718963	TCGA-LUAD	TCGA-44-2665	TCGA-44-2665-01B	Primary Tumor
60acfade-c8e8-4a99-87a2-c6d558fd5e74	fd67d9da-4e36-49cf-9a82-228751bc3d5f.methylation_array.sesame.level3betas.txt	12950821	824d7b1e19a8f240aad2fb4743f62b7f	TCGA-LUAD	TCGA-44-2665	TCGA-44-2665-11A	Solid Tissue Normal
8f61503a-ee54-4b4b-99da-97564fd126b0	821608cd-3d2e-42e2-9b3d-2932839815c0.methylation_array.sesame.level3betas.txt	13008736	0ac403fea518389f41b044b4e5f0e7c9	TCGA-LUAD	TCGA-44-2666	TCGA-44-2666-01A	Primary Tumor
3b568c2a-1415-48c2-a777-82ef88f26975	b33f140b-9615-4566-a1c6-f96a09ce08b7.methylation_array.sesame.level3betas.txt	13053340	4b66b3436b103a363f6820d94e66b8b1	TCGA-LUAD	TCGA-44-2666	TCGA-44-2666-01B	Primary Tumor
a0f8ac3a-99e2-4da8-942a-9d5e6ca862fa	d5769119-6454-48f2-9b9c-9f22c9761df9.methylation_array.sesame.level3betas.txt	13133450	8aa14981b15f60a3e0a50f632f400790	TCGA-LUAD	TCGA-44-2668	TCGA-44-2668-01A	Primary Tumor
d81ad03d-2504-4be2-8d37-ff152693a4af	eb49b1cf-7b13-4a07-bb4c-642f9511f722.methylation_array.sesame.level3betas.txt	13129411	96ebe5d6d7f6060b413a7cfdb9cd2154	TCGA-LUAD	TCGA-44-2668	TCGA-44-2668-01B	Primary Tumor
82b9d30b-b6e8-4785-877a-05253fa4aed0	ee2da26a-3900-428a-9ade-46b9fa0a9058.methylation_array.sesame.level3betas.txt	12987841	1714bb954ee46b769a086e0f6b77a673	TCGA-LUAD	TCGA-44-2668	TCGA-44-2668-11A	Solid Tissue Normal
867c54a3-b050-4403-8479-f13ec7d3206d	452b3733-cfdb-4085-b84d-ee586a4df531.methylation_array.sesame.level3betas.txt	13073597	de6dd3775f9cb96821f8681c61ce0317	TCGA-LUAD	TCGA-44-3917	TCGA-44-3917-01A	Primary Tumor
ae535c07-021d-4737-abd8-cc5e3ef04b43	c35b9016-4a26-4d2b-ad85-1a1e2a0db359.methylation_array.sesame.level3betas.txt	13036385	51c1ca5385e14b299a4de5b81fa9af57	TCGA-LUAD	TCGA-44-3917	TCGA-44-3917-01B	Primary Tumor
6068d0a3-cd60-48f8-8e88-0ae39cac8ecd	a2298929-4d14-4f3e-b079-3efe2fce3dcb.methylation_array.sesame.level3betas.txt	13101091	95e02b83efc5c37bbc0c1c4a0078f24a	TCGA-LUAD	TCGA-44-3918	TCGA-44-3918-01A	Primary Tumor
fd19700c-9bb9-4066-b383-aeac2a63739a	3a16d820-035f-4743-ad6d-42198fa6ddc9.methylation_array.sesame.level3betas.txt	13013514	c98a5ef1caab377d95a7ad45b9ebf39e	TCGA-LUAD	TCGA-44-3918	TCGA-44-3918-01B	Primary Tumor
961483a6-864b-4b05-b20c-daccebae9323	e97e8e70-b351-4d36-82bc-6bc838981f24.methylation_array.sesame.level3betas.txt	13126878	b2087de303c4ea11511197958ffe412d	TCGA-LUAD	TCGA-44-4112	TCGA-44-4112-01A	Primary Tumor
c2c169d9-7323-4a38-9d9b-e24e466816d8	75a23303-53a8-4c91-a3b4-fba9ba70a6c0.methylation_array.sesame.level3betas.txt	13113187	683f3f1c08de0ccdb507911bea7f6569	TCGA-LUAD	TCGA-44-4112	TCGA-44-4112-01B	Primary Tumor
6d275a1c-a8e3-40b4-8758-69d85a31f0a7	a191d61a-8cbf-48a5-96f3-8d96dac1b2aa.methylation_array.sesame.level3betas.txt	13192625	b09afc84435b2eb1f0c64ff4a35442de	TCGA-LUAD	TCGA-44-5643	TCGA-44-5643-01A	Primary Tumor
58eb8760-05c0-4df5-9f48-fe4bc515f6ae	0f36cc27-1690-4375-b4cd-ab3f57b574cd.methylation_array.sesame.level3betas.txt	13205589	c2106cd078d407306232c4c4a6459d60	TCGA-LUAD	TCGA-44-5643	TCGA-44-5643-11A	Solid Tissue Normal
f3987c5d-f346-4f2f-9f4f-b774327e77b0	e1828cf1-3237-48f1-9605-527231455dfc.methylation_array.sesame.level3betas.txt	13037527	acd2f28be55154a4d9c2bc5a2b07a7a8	TCGA-LUAD	TCGA-44-5644	TCGA-44-5644-01A	Primary Tumor
a6b95b6e-eb89-4a2b-a4f0-b35ee9dda816	e28db848-e521-463d-b98f-68ecc067405e.methylation_array.sesame.level3betas.txt	13187483	0672b3ea3f27029bbeea751f8fe44080	TCGA-LUAD	TCGA-44-5645	TCGA-44-5645-01A	Primary Tumor
31cf1f8f-5e24-46ad-9e3d-328350799525	5181ca17-d9fd-4863-973f-068d9c82afcc.methylation_array.sesame.level3betas.txt	13184979	e5a53f1a375ae9112edf85e285a700a7	TCGA-LUAD	TCGA-44-5645	TCGA-44-5645-01A	Primary Tumor
e0199fab-37b0-43e6-bc6c-c804c3385c63	383ec9ab-8308-4b26-92f0-36dfb6469e05.methylation_array.sesame.level3betas.txt	13113377	17cedf06a643a222b859348b35177fd7	TCGA-LUAD	TCGA-44-5645	TCGA-44-5645-01B	Primary Tumor
2a68a7f1-4bfa-4641-8360-bdf50d4172f2	202c9737-de1f-4dc5-9231-0f76949fd010.methylation_array.sesame.level3betas.txt	13202505	f99d83b844cca0aecb725322fffbfaed	TCGA-LUAD	TCGA-44-5645	TCGA-44-5645-11A	Solid Tissue Normal
b48494cc-59e3-4b4c-8a53-2bed58d64caa	628b267e-cab8-4673-909c-079e682a5e4d.methylation_array.sesame.level3betas.txt	13153616	73548d245d97364c1cbdc0b5f699899c	TCGA-LUAD	TCGA-44-6144	TCGA-44-6144-01A	Primary Tumor
d5911c72-38a6-4960-85d6-2aa9ff6a4643	497c318f-9535-4eb7-9dc9-499a81810baf.methylation_array.sesame.level3betas.txt	13192156	7f2e293bcb6af6cf3b64b7f04117611d	TCGA-LUAD	TCGA-44-6144	TCGA-44-6144-11A	Solid Tissue Normal
d03139f8-de7c-4bba-bb55-a9a421cb3df2	d72ac886-8438-4be1-8465-a25c12154ba1.methylation_array.sesame.level3betas.txt	13041786	ae99489742973a95a92f5a4e4fcd7841	TCGA-LUAD	TCGA-44-6145	TCGA-44-6145-01A	Primary Tumor
971026bd-c4d4-4cc9-b722-fd7fd7ea3fb7	bf79cee8-fcae-404c-93dd-f89c61a11325.methylation_array.sesame.level3betas.txt	13189327	1dc353058332f5bb93936a57733a27df	TCGA-LUAD	TCGA-44-6145	TCGA-44-6145-11A	Solid Tissue Normal
b81da101-2125-4bff-99e7-45ee3022cee2	2e83e728-752d-46ea-8736-4e40ad13bf52.methylation_array.sesame.level3betas.txt	13091433	a7a981ca3b2fe6fa976638c9bea0dbf4	TCGA-LUAD	TCGA-44-6146	TCGA-44-6146-01A	Primary Tumor
3f399d4e-27e4-43c2-80bf-390b115902e9	f92c3a00-6255-416a-9ad9-bc3ce25d0c91.methylation_array.sesame.level3betas.txt	13194267	cfb3a5b2adfb97adf3ed76d66f90c0af	TCGA-LUAD	TCGA-44-6146	TCGA-44-6146-01A	Primary Tumor
cc3eff8c-8b35-4e0b-8d93-8fc671f335c6	e614da02-fb24-4eca-8b70-14d74e2daea9.methylation_array.sesame.level3betas.txt	13056037	55ffbd756dc22c8924183da3c6eea890	TCGA-LUAD	TCGA-44-6146	TCGA-44-6146-01B	Primary Tumor
dbc866c0-a750-40c6-a703-ce5122227ef7	6e47b039-6729-4674-880b-f0b121332186.methylation_array.sesame.level3betas.txt	13184017	5a3f23253cec0b018d917ce1297c6c5e	TCGA-LUAD	TCGA-44-6146	TCGA-44-6146-11A	Solid Tissue Normal
a1a335fb-2b78-4554-8101-989d0f4b7632	79b49b4f-c2a2-465d-ab20-a576917c51ab.methylation_array.sesame.level3betas.txt	13159468	b21202a4bc38807b88ccf77e54357bd2	TCGA-LUAD	TCGA-44-6147	TCGA-44-6147-01A	Primary Tumor
f5345c28-0d9c-4c5b-8656-f4c565c2d535	91ba118d-72e3-4996-9ae9-db570ce16d53.methylation_array.sesame.level3betas.txt	13161564	742ad3b2773b07a8dc163583a873f53a	TCGA-LUAD	TCGA-44-6147	TCGA-44-6147-01A	Primary Tumor
a3cb73a4-0976-4f76-8b27-ca81a2d30859	858e0396-79e3-484c-a236-fe11864b24f1.methylation_array.sesame.level3betas.txt	13026559	72155a7a503b420346ab7465c67fd9bf	TCGA-LUAD	TCGA-44-6147	TCGA-44-6147-01B	Primary Tumor
679392db-c20e-45fe-9a26-355d38e1dbae	0f74b169-704d-4e65-ac5e-92e485a03a2c.methylation_array.sesame.level3betas.txt	13157289	e4e8975fcaa59145297428ba94b88efd	TCGA-LUAD	TCGA-44-6147	TCGA-44-6147-11A	Solid Tissue Normal
ef4a2952-828a-454a-bec1-120fc7b7821e	dc0127ff-f2de-4ddf-aa03-69474b8df3ea.methylation_array.sesame.level3betas.txt	13167119	86298bafe4d1260cb53bb1817d00f533	TCGA-LUAD	TCGA-44-6148	TCGA-44-6148-01A	Primary Tumor
4b2ecd36-c9d5-45f5-9113-9d2fa822a910	05f45e75-1526-4af5-8b45-4f1585ab9957.methylation_array.sesame.level3betas.txt	13137648	74263b4cda62988dd9b93853fc69928c	TCGA-LUAD	TCGA-44-6148	TCGA-44-6148-11A	Solid Tissue Normal
03a635d5-bd6b-489b-ad60-b2d920af9fe6	1a89004f-c7e7-470a-96d1-19b2da1b8eae.methylation_array.sesame.level3betas.txt	13185776	06cb9b98cd8d9499f28899dd700d75c0	TCGA-LUAD	TCGA-44-6774	TCGA-44-6774-01A	Primary Tumor
582ebfa1-2dec-4d41-bb3b-4cb4fad272bb	f2c561fe-5929-439d-ab41-f5bc54e459b0.methylation_array.sesame.level3betas.txt	13130982	d3daba34ed817b80ab4e5bc50a666042	TCGA-LUAD	TCGA-44-6775	TCGA-44-6775-01A	Primary Tumor
abb395e6-40ae-44c9-ad2d-599426fe9bdf	29c1c650-1e52-41a6-bfd5-7450a39fb28b.methylation_array.sesame.level3betas.txt	13191956	5517af79c25b441aa80f5c7dbb9dee49	TCGA-LUAD	TCGA-44-6775	TCGA-44-6775-01A	Primary Tumor
3ea83163-7d06-4f2d-be85-64cee6cfedf4	4e311d3c-e46c-482d-b700-9b5fb457ed26.methylation_array.sesame.level3betas.txt	13141837	670d2c8b52189cc13a4a4c3f92c69ae7	TCGA-LUAD	TCGA-44-6775	TCGA-44-6775-01C	Primary Tumor
04fc092b-9048-4f3a-af3d-661e8ceae5fd	592d3417-3d60-48a6-9b3f-801bfcf225b3.methylation_array.sesame.level3betas.txt	13199723	e09763ed5b8f8233626b83fd5cd3fc2b	TCGA-LUAD	TCGA-44-6776	TCGA-44-6776-01A	Primary Tumor
b1e31090-c4b8-46ee-ab44-e604de639935	72942eb5-2eaf-425e-963b-de0da8295081.methylation_array.sesame.level3betas.txt	13189942	09d0588a7e12097c449548988f071041	TCGA-LUAD	TCGA-44-6777	TCGA-44-6777-01A	Primary Tumor
52eb0eb5-8f56-4c09-a7d1-c911b91171a6	e9770623-3d6c-4941-9faf-c4a14d59b0c8.methylation_array.sesame.level3betas.txt	13201108	4f24ab42825a737d7715a55c128ba020	TCGA-LUAD	TCGA-44-6778	TCGA-44-6778-01A	Primary Tumor
27e360d3-ffd6-4d27-83f8-b1842079a64c	5acf932d-0e2f-4bb2-aab8-8fc52b0ce89b.methylation_array.sesame.level3betas.txt	13213293	85de0fa58e530f666d33d775cdab99a7	TCGA-LUAD	TCGA-44-6778	TCGA-44-6778-11A	Solid Tissue Normal
5d54d5f7-cfbc-4b9c-aca9-15c46934a833	36037ea1-1cc4-489f-95ab-35e8dec40614.methylation_array.sesame.level3betas.txt	13153030	f620d08285a11e3e8337f9e7b11d42f0	TCGA-LUAD	TCGA-44-6779	TCGA-44-6779-01A	Primary Tumor
efd27951-9336-4eed-a8a1-97efbdb0ca0c	2fdf5392-7272-4c7a-bff3-cc03d76f07fc.methylation_array.sesame.level3betas.txt	13182574	3aa90d170b0bb7a0aea527195b97dcb9	TCGA-LUAD	TCGA-44-7659	TCGA-44-7659-01A	Primary Tumor
f4486bc2-e6c2-4fe7-ad59-035ab3d6a5f4	15941496-95a9-4d86-a469-dc1ad8417300.methylation_array.sesame.level3betas.txt	13185630	56ee123668d5240b05c2ad5ab98a7e54	TCGA-LUAD	TCGA-44-7660	TCGA-44-7660-01A	Primary Tumor
65192809-7552-4057-b016-9764158be3ee	7043c480-976d-45fa-8c3f-23cadff96fd3.methylation_array.sesame.level3betas.txt	13174474	b4114f61fb2e673ff72617ad7b37ea82	TCGA-LUAD	TCGA-44-7661	TCGA-44-7661-01A	Primary Tumor
bca42f75-ac65-4add-8450-35b846c991df	f1df8f0c-382d-49d7-980a-c16a4765e407.methylation_array.sesame.level3betas.txt	13181105	46f95759e579d6419227d281027577cd	TCGA-LUAD	TCGA-44-7662	TCGA-44-7662-01A	Primary Tumor
3622f76f-ee9f-4852-8674-78804ceb94d2	dbd3c0d7-00aa-4c8b-8737-369fb359386c.methylation_array.sesame.level3betas.txt	13167566	4ccfa4b5527707050c9da455c782b178	TCGA-LUAD	TCGA-44-7667	TCGA-44-7667-01A	Primary Tumor
0841f02d-67b4-41af-8dbd-c6fe4c7f2ac2	7b6c12d3-c4b6-4bc2-bc0e-6a3dec90a73e.methylation_array.sesame.level3betas.txt	13184127	ed5aef0879542804f25e3ac6698b9fe0	TCGA-LUAD	TCGA-44-7669	TCGA-44-7669-01A	Primary Tumor
d789d9bb-5399-44d4-b8c0-2d1d48c8d1bc	956664cd-65a0-4a89-82be-f4986feb83b1.methylation_array.sesame.level3betas.txt	13135081	b81196cb9715604d6fde2b149ab0f667	TCGA-LUAD	TCGA-44-7670	TCGA-44-7670-01A	Primary Tumor
a552e159-7967-4dde-a94f-314a7b08dea0	dae77e9a-3651-48c0-9de2-8766939a7e80.methylation_array.sesame.level3betas.txt	13193085	8d6bb42ac8e4e51281223eb3401f684c	TCGA-LUAD	TCGA-44-7671	TCGA-44-7671-01A	Primary Tumor
58789c20-751d-4ca4-999e-ec8934f54431	209b1087-6004-4489-8d76-ac1e926e1f62.methylation_array.sesame.level3betas.txt	13168046	893ab22534f9145a539889b2b928315a	TCGA-LUAD	TCGA-44-7672	TCGA-44-7672-01A	Primary Tumor
3c74fca3-f3c0-48a7-b7ea-57b5dd01e165	1f481660-4aee-4041-87e6-35c727b95c8e.methylation_array.sesame.level3betas.txt	13152085	34020a9b50eb204ae694364fe3133f72	TCGA-LUAD	TCGA-44-8117	TCGA-44-8117-01A	Primary Tumor
741e0996-d818-4602-baf9-36e67fe7d11b	0300ad91-d4fb-41ce-822f-844a9391b6dd.methylation_array.sesame.level3betas.txt	13045218	948cfd7436c3404ea8aaee8306140500	TCGA-LUAD	TCGA-44-8119	TCGA-44-8119-01A	Primary Tumor
962febcb-05ba-4559-8258-eac885ce0efe	6fe7802e-f21b-490e-b7ea-194d03a97112.methylation_array.sesame.level3betas.txt	13081491	d92137328b7565652982bf4cf9dba80b	TCGA-LUAD	TCGA-44-8120	TCGA-44-8120-01A	Primary Tumor
0b93b3dc-1a9b-464c-97ab-ff27111af519	1ef59d3e-af9e-4a35-8e70-5203add96771.methylation_array.sesame.level3betas.txt	13179745	8c83d53cc4ee342dd923ab4441b7f218	TCGA-LUAD	TCGA-44-A479	TCGA-44-A479-01A	Primary Tumor
7ea76d09-04a8-4488-be66-dd23eefdd39b	4dca0ac4-41a0-45da-9c4b-4dfd7cc21f8d.methylation_array.sesame.level3betas.txt	13169378	8e6fac574f81b27b6d8f2d6298f684de	TCGA-LUAD	TCGA-44-A47A	TCGA-44-A47A-01A	Primary Tumor
51364590-a858-461d-942f-3d2ababbe66f	e77afbcb-b42f-4b8b-a88b-9f5a59bb3e7b.methylation_array.sesame.level3betas.txt	13143193	5a26896624b845b1b092d1b2aabc77de	TCGA-LUAD	TCGA-44-A47B	TCGA-44-A47B-01A	Primary Tumor
d8c228f4-72f4-40b6-8273-d2bed24a7c83	c22dec63-cf42-4ccf-b5ac-75c6b6a3f276.methylation_array.sesame.level3betas.txt	13196282	b20ca0d6cea70c1d12c27f48c186aad2	TCGA-LUAD	TCGA-44-A47F	TCGA-44-A47F-01A	Primary Tumor
55b401ab-003d-4bc5-8669-7df0cf2a997e	0457fc1a-2f1c-48cb-90b7-781a2de9c67d.methylation_array.sesame.level3betas.txt	13166876	dd9dfa2fefc3264d898e44fea56d56f2	TCGA-LUAD	TCGA-44-A47G	TCGA-44-A47G-01A	Primary Tumor
7e15200c-5a79-4144-beb2-08830d4bfcc6	68c5b441-cc3f-43c3-8fb0-1ecccaf64940.methylation_array.sesame.level3betas.txt	13188520	516b6b1be48294438ea75b64e75caa2a	TCGA-LUAD	TCGA-44-A4SS	TCGA-44-A4SS-01A	Primary Tumor
915b1776-1837-4010-977e-b0b12069cd36	9e8a7758-e057-4c98-b96b-fc6f76ddba03.methylation_array.sesame.level3betas.txt	13183250	7bda2bec34b6706c1044f38470fed387	TCGA-LUAD	TCGA-44-A4SU	TCGA-44-A4SU-01A	Primary Tumor
2c0787b2-39fe-4007-95fd-69359ee2f424	d7e3478b-7126-4e40-af10-39f2bfd5c718.methylation_array.sesame.level3betas.txt	13185116	c641a5b4464242163d6100cbe8def1d3	TCGA-LUAD	TCGA-49-4487	TCGA-49-4487-01A	Primary Tumor
0ec7feab-b9ad-475c-b8c0-920e24ec336f	dc63556e-8886-42a7-af90-a29255c4e511.methylation_array.sesame.level3betas.txt	13125885	ea5e567a8e9eb5cfc379d8850031304b	TCGA-LUAD	TCGA-49-4488	TCGA-49-4488-01A	Primary Tumor
afb2f839-838e-4738-b979-d15b7c7e68c9	fe7c5327-0c4a-40b5-b68d-abe653f1bb09.methylation_array.sesame.level3betas.txt	13149025	1a22b139b849d2292129a904877c2627	TCGA-LUAD	TCGA-49-4488	TCGA-49-4488-11A	Solid Tissue Normal
ceee3fee-5a19-4bad-bb16-52c61a16aed4	4d6164da-7508-47ca-9f1b-e02d8e1fbc5b.methylation_array.sesame.level3betas.txt	13190042	a96340e3723e4874afe2e8bf03d7696f	TCGA-LUAD	TCGA-49-4490	TCGA-49-4490-01A	Primary Tumor
7d4f5563-437b-429b-ad8e-2d5912bfc2ac	992137be-5709-4894-b154-a3767813f49a.methylation_array.sesame.level3betas.txt	13189768	ac6baeb42350b8a3d7e6f74c9702db76	TCGA-LUAD	TCGA-49-4512	TCGA-49-4512-01A	Primary Tumor
ddadc636-be3c-4258-8ae6-c93e591a12a7	41adfb52-afb5-462f-98a4-018be9613677.methylation_array.sesame.level3betas.txt	13200460	3414999bb435b2f446f32ca1ce4769f3	TCGA-LUAD	TCGA-49-4514	TCGA-49-4514-01A	Primary Tumor
6cf91beb-1e1e-4dbd-93a8-8764071742e1	604ecb59-277f-4462-a2e0-edf67daf4fc0.methylation_array.sesame.level3betas.txt	13192709	8da71f68f50592c27a6d463a1e5721a2	TCGA-LUAD	TCGA-49-6742	TCGA-49-6742-01A	Primary Tumor
dac1a7ec-240e-42fd-be54-0f79511e559c	a2616b86-c5a9-47b6-8532-9e98f37fd2a1.methylation_array.sesame.level3betas.txt	13189251	ca709920658448a0b58f8a0c7497d2d2	TCGA-LUAD	TCGA-49-6743	TCGA-49-6743-01A	Primary Tumor
f1b024da-112d-4220-b6b1-d622d5ca1781	b586133f-a73f-488e-add6-37345122daf0.methylation_array.sesame.level3betas.txt	13190296	e404fa9ac36547858f69bf4c58b82aed	TCGA-LUAD	TCGA-49-6744	TCGA-49-6744-01A	Primary Tumor
f302ce23-0f9c-4306-9f9d-149fab4258cc	bc24be36-4669-4a7b-adaa-3fad324d056c.methylation_array.sesame.level3betas.txt	13181456	7befdf1d0908fc33826f8309e521e97b	TCGA-LUAD	TCGA-49-6745	TCGA-49-6745-01A	Primary Tumor
02d33d98-9e25-450f-8624-464544d62245	d52b8b3d-6dea-4159-9c87-cccd206a3410.methylation_array.sesame.level3betas.txt	13202224	265afc8dea3004a50f10b96261f909f1	TCGA-LUAD	TCGA-49-6745	TCGA-49-6745-11A	Solid Tissue Normal
671af7d9-0fec-4e4d-a668-c33fa5d5f14f	79adda4b-685a-49ca-a768-7aad361d6a2f.methylation_array.sesame.level3betas.txt	13137161	127267a312103eff19fa9d10beaacde0	TCGA-LUAD	TCGA-49-6761	TCGA-49-6761-01A	Primary Tumor
10fabbc1-d12d-4109-8645-9df8075c2505	3e7e77a1-6ae4-46ed-8bcf-042b2451d73e.methylation_array.sesame.level3betas.txt	13198606	4af73f80b80480405a6c8ed63fe5e2ac	TCGA-LUAD	TCGA-49-6767	TCGA-49-6767-01A	Primary Tumor
1578980e-1413-4ba1-bf6d-38d8ce2abacc	3bced54e-d59d-4b03-9259-1234c2dbb06f.methylation_array.sesame.level3betas.txt	13074903	818f99607d55a09d05c9ebf4ae725421	TCGA-LUAD	TCGA-49-AAQV	TCGA-49-AAQV-01A	Primary Tumor
239c91a5-3b03-40eb-b229-2434bbd65ecd	32826e20-bca9-438c-9993-023dc91d50d9.methylation_array.sesame.level3betas.txt	13151254	b99d05c9da966ed792bf41e0b9750d73	TCGA-LUAD	TCGA-49-AAR0	TCGA-49-AAR0-01A	Primary Tumor
ea0e0b77-9c89-4ef5-8079-e67f9a6b19e8	75473f3f-f0c2-4fdf-9765-89d91cd0bee6.methylation_array.sesame.level3betas.txt	12989115	7673fe471f117e40f5b4e421edfac878	TCGA-LUAD	TCGA-49-AAR2	TCGA-49-AAR2-01A	Primary Tumor
d44cd257-c316-4f60-a0f9-6a536a1e7941	dbdb93df-eb2e-49a6-b5ea-7565f37d36ab.methylation_array.sesame.level3betas.txt	12855913	5558ca6a09ce43ccf34c3380fd8a8b96	TCGA-LUAD	TCGA-49-AAR3	TCGA-49-AAR3-01A	Primary Tumor
66a02230-24eb-48e1-9f07-df4f2d9d553b	62be53ca-e2b3-4534-b62d-483a66b4c55e.methylation_array.sesame.level3betas.txt	12755838	aa2097cdf398d8b5e922995552adbc0e	TCGA-LUAD	TCGA-49-AAR4	TCGA-49-AAR4-01A	Primary Tumor
a36cf415-5b4d-424b-8c7e-a1307d4c981c	537e6c8a-a2e5-4cf2-98c4-9d061b3ced67.methylation_array.sesame.level3betas.txt	12743377	22f23f468bb60631775665ea8c188463	TCGA-LUAD	TCGA-49-AAR9	TCGA-49-AAR9-01A	Primary Tumor
2a98ed4b-50de-40e8-96e8-73108b6634ba	65dc48db-d8d0-465f-a6cf-590e53eab3e0.methylation_array.sesame.level3betas.txt	12656216	f17d37acda8b54a7f195e489a7e7dc51	TCGA-LUAD	TCGA-49-AARE	TCGA-49-AARE-01A	Primary Tumor
49ca28f1-f867-4a9f-8ae7-1cb6e9e92a8e	4fd07f6c-4f9e-4f99-a530-a61271204b9f.methylation_array.sesame.level3betas.txt	12820885	49362ae94f528006519d93c59a071c11	TCGA-LUAD	TCGA-49-AARN	TCGA-49-AARN-01A	Primary Tumor
5fd40f84-d74a-461c-be8c-6996266ae39f	3afdd139-6afb-4f8e-9b2b-5e35e3c3f0f0.methylation_array.sesame.level3betas.txt	12660606	8bda04b7d4be50f2f77e6c743cd222a0	TCGA-LUAD	TCGA-49-AARO	TCGA-49-AARO-01A	Primary Tumor
9990be1a-cfd2-41fd-82bf-87e7168b2f33	2f225a8a-ac08-4d1b-9db5-04bf33fc2428.methylation_array.sesame.level3betas.txt	12802704	212ef9d11726b87cfec5deda63e92901	TCGA-LUAD	TCGA-49-AARQ	TCGA-49-AARQ-01A	Primary Tumor
e7788eeb-8e3c-489f-b9d0-d4a758182304	d11348fe-c4ba-41ae-92d4-da11eda0bb8a.methylation_array.sesame.level3betas.txt	12756265	1859dd4f8900712912219fa735b7ae69	TCGA-LUAD	TCGA-49-AARR	TCGA-49-AARR-01A	Primary Tumor
14a28413-a0f9-40f1-af30-afb61c05aad1	9c87b459-c836-4e5b-b315-a2d28da69441.methylation_array.sesame.level3betas.txt	12917866	27b204d0cc7cfb02611bb05394b256bc	TCGA-LUAD	TCGA-4B-A93V	TCGA-4B-A93V-01A	Primary Tumor
1f026637-5efe-48e9-8dda-cf61f958ed82	6e036fd2-ef7f-467b-b4f6-2b9cab1b71ff.methylation_array.sesame.level3betas.txt	13191034	b8b86bc2bce9d12428431800464891f5	TCGA-LUAD	TCGA-50-5044	TCGA-50-5044-01A	Primary Tumor
694f7130-16b8-4f83-ba68-48349cc2395d	b681064e-0b32-4f74-9c2c-adbc8fe84bf2.methylation_array.sesame.level3betas.txt	13184052	546b3b2d523d13e210d60d5a0df5d734	TCGA-LUAD	TCGA-50-5045	TCGA-50-5045-01A	Primary Tumor
79188e6d-3dfa-483d-aa0f-7cb6f7d8ff91	5615db64-d5d8-40d5-b023-70e68b28bce2.methylation_array.sesame.level3betas.txt	13186858	b38ec7e885f1fac33cf080cfd3c8fbac	TCGA-LUAD	TCGA-50-5049	TCGA-50-5049-01A	Primary Tumor
ed39e87e-8c90-43ea-b356-764b5aa5a940	8460ef05-a6c6-47d8-86bd-76c076a4c3c1.methylation_array.sesame.level3betas.txt	13154128	a8f975cc40f3788c8bb9a127d07a3f14	TCGA-LUAD	TCGA-50-5051	TCGA-50-5051-01A	Primary Tumor
147d78c4-eb89-4888-9c1d-a3a728874448	5f7cdcb6-85ad-412a-9cf7-fb1083ee6d27.methylation_array.sesame.level3betas.txt	13177895	929ddda0ce93d72014f56cbf5c1783f2	TCGA-LUAD	TCGA-50-5055	TCGA-50-5055-01A	Primary Tumor
344684ae-a706-4117-941a-5dd51b9dc8fe	463d1c05-6a9c-40aa-a831-395ae2841baa.methylation_array.sesame.level3betas.txt	13189699	ea5815aa3627129262ff07406db1a2b5	TCGA-LUAD	TCGA-50-5066	TCGA-50-5066-01A	Primary Tumor
0bb69414-f95f-40d1-adfc-b02047e6138e	fadca151-d84d-4732-ace3-8d927c7b9214.methylation_array.sesame.level3betas.txt	13183109	be290bd8cfbf7aec6c228ea9ba463010	TCGA-LUAD	TCGA-50-5066	TCGA-50-5066-02A	Recurrent Tumor
e8d21daf-8c95-43bd-843a-445b02834ab4	3531e822-9aeb-4388-bb3e-46f7421eef4e.methylation_array.sesame.level3betas.txt	13181609	0467a3bc2f57656cb00d414d9e986738	TCGA-LUAD	TCGA-50-5068	TCGA-50-5068-01A	Primary Tumor
6e13476c-4c5d-4750-9e1d-7e93482a849a	dd6d9e08-dbc9-4570-bd94-4e61c3907974.methylation_array.sesame.level3betas.txt	13195519	08e76a37f804e92dff634f513c3e7be8	TCGA-LUAD	TCGA-50-5072	TCGA-50-5072-01A	Primary Tumor
e71b9305-0bb8-4c70-a423-80593ffb7e82	0d80dfd8-5798-456e-8078-29f19c22a00b.methylation_array.sesame.level3betas.txt	13192736	4fd54dc5b833def09748474a0fb75bce	TCGA-LUAD	TCGA-50-5930	TCGA-50-5930-01A	Primary Tumor
395179ea-7619-4ca8-8caa-138a14ecf716	cdbc6602-983b-4307-9801-89047ee02144.methylation_array.sesame.level3betas.txt	13204424	095cf6ccc99727c31c50a9b0eacab488	TCGA-LUAD	TCGA-50-5930	TCGA-50-5930-11A	Solid Tissue Normal
6ffee11a-6a56-438d-a282-e64db6498e29	55bfdce7-4ae6-48a1-894d-80621caa1d06.methylation_array.sesame.level3betas.txt	13164910	a53735cae36db22fe1952e301c59688f	TCGA-LUAD	TCGA-50-5931	TCGA-50-5931-01A	Primary Tumor
31ffd979-eed4-415e-956f-7f62cce4bd8c	aad7a652-7aae-472d-85fc-c16d30c15b31.methylation_array.sesame.level3betas.txt	13030542	c525931aa8b44f656dc1b4afcc7c7876	TCGA-LUAD	TCGA-50-5931	TCGA-50-5931-11A	Solid Tissue Normal
7537435b-e092-441c-b184-bf0d357bda5d	e084ff03-8d3e-4ccd-9630-632583445eff.methylation_array.sesame.level3betas.txt	13192220	441c10f941e50b566b4713dbd972e405	TCGA-LUAD	TCGA-50-5932	TCGA-50-5932-01A	Primary Tumor
c57ac843-103a-43ae-9c00-dbf63beda5bb	c9145f5c-e737-43c8-b392-0643e6d1ded0.methylation_array.sesame.level3betas.txt	13193533	f23538d67190110f90f796e6e712b728	TCGA-LUAD	TCGA-50-5932	TCGA-50-5932-11A	Solid Tissue Normal
b4974f36-432a-47c5-8377-09850fedd50b	38e4fe20-c970-4eb0-8770-5d18b0b8bb42.methylation_array.sesame.level3betas.txt	13112430	b0a78f8d416b80836d9b5d92115dd2c2	TCGA-LUAD	TCGA-50-5933	TCGA-50-5933-01A	Primary Tumor
56df0852-c87f-47ff-ae38-34348601a6f9	bc0c7110-432d-469e-9f43-d7518ec4102d.methylation_array.sesame.level3betas.txt	13181993	301810e4d9591817a3e0e492dfeffa40	TCGA-LUAD	TCGA-50-5933	TCGA-50-5933-11A	Solid Tissue Normal
f099d756-e621-4a0b-9e9e-138a3bd3be50	536a872f-bb14-43f6-b2b8-4673e55923d8.methylation_array.sesame.level3betas.txt	13091489	cb10286e4739862417e2bdfbe0996180	TCGA-LUAD	TCGA-50-5935	TCGA-50-5935-01A	Primary Tumor
f3502942-78cf-448b-a6d4-35c871826aa7	f48e2979-edf0-4241-b989-e6878960bbcd.methylation_array.sesame.level3betas.txt	13188972	8d35d0da3a074ff6e362fbb4e62ce844	TCGA-LUAD	TCGA-50-5935	TCGA-50-5935-11A	Solid Tissue Normal
df044c46-f98f-4bae-b475-22b26f3609a8	7af15ac7-cf5a-444c-8289-98fe7c2faba9.methylation_array.sesame.level3betas.txt	13193673	80c181d85e3c08635f2dbab8b7e52949	TCGA-LUAD	TCGA-50-5936	TCGA-50-5936-01A	Primary Tumor
e18a25b2-0c47-4ec5-afe2-891ba5069779	ca8bea94-bf1d-4c5c-b843-cf8f243e3b71.methylation_array.sesame.level3betas.txt	13220348	23fec676c412240cb540cb1a383e570f	TCGA-LUAD	TCGA-50-5936	TCGA-50-5936-11A	Solid Tissue Normal
c425a9e6-345b-47e0-a449-f4f9575a9b84	001efc28-eef7-4e3e-b8f9-79d9d5452274.methylation_array.sesame.level3betas.txt	13207493	50a34956fe0f11322c141c490927e497	TCGA-LUAD	TCGA-50-5939	TCGA-50-5939-01A	Primary Tumor
03e60eab-e979-4b5f-91de-786db85b23b3	4f00ca87-ef53-44c5-8ec8-759cc075e1ba.methylation_array.sesame.level3betas.txt	13209281	0d580509f14b1246068cbedbf5beb325	TCGA-LUAD	TCGA-50-5939	TCGA-50-5939-11A	Solid Tissue Normal
68386483-e988-485a-a501-9bade5a95e1d	e9dc6a29-c281-41f6-9b2c-c3fa2f6442fb.methylation_array.sesame.level3betas.txt	13143360	b60cd868666e0109e206a9438d8e242d	TCGA-LUAD	TCGA-50-5941	TCGA-50-5941-01A	Primary Tumor
350d5f3f-8f8f-4366-9e11-588cb067f276	01c14807-9c41-4dea-863d-156625a6ba9a.methylation_array.sesame.level3betas.txt	13172051	3a60c12c312a00ba21b0015b239dc033	TCGA-LUAD	TCGA-50-5942	TCGA-50-5942-01A	Primary Tumor
592ae630-bcfd-462a-aa24-3f195411c1b1	c6e1e4bb-a61a-4cb3-ba9c-b7e0a7c9f094.methylation_array.sesame.level3betas.txt	13127951	bab27d4e341e9024900c09b0852ed93b	TCGA-LUAD	TCGA-50-5944	TCGA-50-5944-01A	Primary Tumor
c61f6bd4-3f3d-4a58-8580-bb60d1786bab	a28ef980-22d9-4a58-a12b-21f3e7038a65.methylation_array.sesame.level3betas.txt	13094039	14045126fe7b01df095db87b7a2fefc7	TCGA-LUAD	TCGA-50-5946	TCGA-50-5946-01A	Primary Tumor
682cd553-1cc3-4bbe-b1db-6a19fb4243c0	be0499e4-ee15-4c82-ada0-e145674d4f00.methylation_array.sesame.level3betas.txt	13192704	d7f6d2073dcd64e6f5994097316c7802	TCGA-LUAD	TCGA-50-5946	TCGA-50-5946-02A	Recurrent Tumor
2656960b-8f6a-473f-83c2-39509e95f2f5	3842c6ca-cbc6-4255-8434-1c056ed80ae3.methylation_array.sesame.level3betas.txt	13175169	f60695aa9de885585de5ed2b40e7aae7	TCGA-LUAD	TCGA-50-6590	TCGA-50-6590-01A	Primary Tumor
3378f382-da1e-46d2-8451-07a1b04d0c1e	55b57af8-90ff-4f08-9743-d9ec61103419.methylation_array.sesame.level3betas.txt	13148340	4ccc7ca401b8ff7757a6f9a4067e84dd	TCGA-LUAD	TCGA-50-6591	TCGA-50-6591-01A	Primary Tumor
5b1b7d3d-4824-452a-8611-2892a3297880	4127d695-97e8-4413-bf1f-454c09823efc.methylation_array.sesame.level3betas.txt	13193064	63da09345362ce6a2126265713b0bf28	TCGA-LUAD	TCGA-50-6591	TCGA-50-6591-11A	Solid Tissue Normal
ee90a767-c920-402c-95e3-e33b193be5a8	f1770242-9175-4577-b1bc-f6cf47c9d009.methylation_array.sesame.level3betas.txt	13153467	5f3bd432106de1917c79069d456de7b3	TCGA-LUAD	TCGA-50-6592	TCGA-50-6592-01A	Primary Tumor
5416d275-f9ed-434d-ac6e-9e8720c98938	8061e7d2-c297-4b3c-9708-494b868bc729.methylation_array.sesame.level3betas.txt	13140243	592298f59ea4c097e1793c5b89937808	TCGA-LUAD	TCGA-50-6592	TCGA-50-6592-11A	Solid Tissue Normal
ac7c1811-dbf5-40a2-97de-18fe4d9fa6ab	1e11780f-ffe7-4639-b4c6-748ffa303c6e.methylation_array.sesame.level3betas.txt	13047247	814cf60aa3cb3a42055b819b1e73c6db	TCGA-LUAD	TCGA-50-6593	TCGA-50-6593-01A	Primary Tumor
fc84be2e-5780-4f06-8ced-74c67487d09b	c2de43ef-9364-457a-825a-60611198ce71.methylation_array.sesame.level3betas.txt	13174450	6833516b815b0d3519394f5edbb05280	TCGA-LUAD	TCGA-50-6593	TCGA-50-6593-11A	Solid Tissue Normal
4371ff1c-3810-4669-bc38-93e10322cbfb	b2850e1c-dcf5-42ae-92a4-8f81b4e4b87e.methylation_array.sesame.level3betas.txt	13180509	c50338136644dbb6207a67d8f526cfe6	TCGA-LUAD	TCGA-50-6594	TCGA-50-6594-01A	Primary Tumor
f0bc7e51-da4a-4de7-a2ce-0868dc9f7e20	ba1074df-d730-4862-9ca5-71090ae04991.methylation_array.sesame.level3betas.txt	13166837	be1f71591dc9579473741f1dc4a6cea8	TCGA-LUAD	TCGA-50-6594	TCGA-50-6594-11A	Solid Tissue Normal
f888ded9-21bd-441f-bf16-4564889b7516	5ce7262d-a72d-4bad-a016-d067e3ba2d91.methylation_array.sesame.level3betas.txt	13195731	5a1e55bfda8d3fecd97f28f8238d9471	TCGA-LUAD	TCGA-50-6595	TCGA-50-6595-01A	Primary Tumor
c661bf94-4c1b-431c-bc1f-9c84e7604ac8	5c3aacfe-60a8-4eb4-89e9-96d255c9fd07.methylation_array.sesame.level3betas.txt	13192897	8ee4c6a1f721bd70eda08db2a308ccb7	TCGA-LUAD	TCGA-50-6597	TCGA-50-6597-01A	Primary Tumor
6db46103-4c8f-4c80-a2e3-7a0fb59434a5	8a43ed1d-b4f0-4998-bea0-c7375b7e56fb.methylation_array.sesame.level3betas.txt	13195036	cbc10dfe80429c1ebde05979ce122c20	TCGA-LUAD	TCGA-50-6673	TCGA-50-6673-01A	Primary Tumor
928858e8-c73e-40f7-8dd5-0b1621333e6c	101f50d2-b447-43a3-93db-a9e4b4a517ac.methylation_array.sesame.level3betas.txt	13178861	f5156f956e0cfa327bab2e931be0e178	TCGA-LUAD	TCGA-50-7109	TCGA-50-7109-01A	Primary Tumor
5ee18bcb-08da-402d-b95b-6b365c71d449	413eaee8-d2db-481b-b8b4-6aafec44cbe0.methylation_array.sesame.level3betas.txt	13108154	50945b0c40481f1471adc30d65ec1801	TCGA-LUAD	TCGA-50-8457	TCGA-50-8457-01A	Primary Tumor
2d9f2bcc-d44a-4d89-9900-fceec6790df0	a4992c3e-487c-401f-aa54-66c72fd1b0c5.methylation_array.sesame.level3betas.txt	13140115	c3f671f028726382603f929fa448e7aa	TCGA-LUAD	TCGA-50-8459	TCGA-50-8459-01A	Primary Tumor
ad684b05-d880-4699-9a95-eef4b484e8cb	3069f3f4-3a96-4bf1-b20d-e4509200fe98.methylation_array.sesame.level3betas.txt	13127734	9c616f6d7d7449f9f67a105543d6e537	TCGA-LUAD	TCGA-50-8460	TCGA-50-8460-01A	Primary Tumor
7bb06e86-923b-45d2-8a6c-981fbf818767	3cc09057-fb71-475f-802a-2ee2343d24bb.methylation_array.sesame.level3betas.txt	13195148	cc4fe63b81d5b6c2c1b7bcc41c2d1080	TCGA-LUAD	TCGA-53-7624	TCGA-53-7624-01A	Primary Tumor
134c2020-6036-4192-a47e-1be330445b49	d867bcb9-451f-477f-be10-1812d9dab8df.methylation_array.sesame.level3betas.txt	13187942	bfce6d217b5f1f007349164d7cc631f4	TCGA-LUAD	TCGA-53-7626	TCGA-53-7626-01A	Primary Tumor
733ba3ef-1879-4dec-aa78-98491f43ec61	6495ad4d-1237-4180-98e3-11d3e73bd05b.methylation_array.sesame.level3betas.txt	13026547	eac0cd983dcfc4d8d1ec6df40570a4bc	TCGA-LUAD	TCGA-53-7813	TCGA-53-7813-01A	Primary Tumor
6266df91-a92e-4cbb-af00-0b575c969ac0	87bfc79a-92c3-401c-bf6b-5f6b76a16cce.methylation_array.sesame.level3betas.txt	13183853	2b883953ef4c480495e186780238639a	TCGA-LUAD	TCGA-53-A4EZ	TCGA-53-A4EZ-01A	Primary Tumor
f782aa2c-479b-491e-9d4f-57902ab2530a	68d2eb3b-94bd-4abc-bdb6-8ad6d19890dc.methylation_array.sesame.level3betas.txt	13189357	b008a0d2e82c928f4125914f2fd89301	TCGA-LUAD	TCGA-55-5899	TCGA-55-5899-01A	Primary Tumor
3276026d-d3cd-410e-b949-d2fee8896dc5	3adf4d47-78a0-4f38-86d7-26cea5a7f8fd.methylation_array.sesame.level3betas.txt	13068925	7bd8feca9b9a62f31516d40c35f8ba47	TCGA-LUAD	TCGA-55-6543	TCGA-55-6543-01A	Primary Tumor
960df266-7560-4db2-936f-4135c73d3a6f	a75c0087-533c-4449-b11c-74ece2ae9347.methylation_array.sesame.level3betas.txt	13185359	ff0b27fded2e83bfb5411255785dc894	TCGA-LUAD	TCGA-55-6642	TCGA-55-6642-01A	Primary Tumor
9f30a452-7427-4d77-a342-9db4eefdfa6c	f52b9b9a-f1e0-40c0-aea6-5563e25d219e.methylation_array.sesame.level3betas.txt	13180005	0c29147c0d4fbe2662a5f05e5accabb8	TCGA-LUAD	TCGA-55-6712	TCGA-55-6712-01A	Primary Tumor
f5eb5f84-eccd-4889-89dc-c0cf30fbf098	f4543d5f-c2de-4c88-a342-ec2f2eb7ac3d.methylation_array.sesame.level3betas.txt	13188385	f52e270a06a553a36fc06d944e8c3789	TCGA-LUAD	TCGA-55-6968	TCGA-55-6968-01A	Primary Tumor
ba321132-35e2-4f17-a8b6-9c3e5067cae4	152d1a5b-3b6d-411c-b596-70a112366122.methylation_array.sesame.level3betas.txt	13127135	7129472091a21e4b6f199dc2ddf7da55	TCGA-LUAD	TCGA-55-6969	TCGA-55-6969-01A	Primary Tumor
382ee0f9-03dd-48a0-85a7-1e8192e513ca	06265f48-0df0-4eee-aeeb-9144fb8da3f7.methylation_array.sesame.level3betas.txt	13194474	17974954146034bd60ad8d4ed1210f80	TCGA-LUAD	TCGA-55-6970	TCGA-55-6970-01A	Primary Tumor
dfae4022-04b4-4710-81a1-68c5ac5d98f0	839155e1-38ea-4be7-a656-66f42b39eed0.methylation_array.sesame.level3betas.txt	13178333	a52ce1b2177cd464e99c4dd3d9f30793	TCGA-LUAD	TCGA-55-6971	TCGA-55-6971-01A	Primary Tumor
bbf5b792-52f3-4116-881d-a67543926250	7b572a63-4e49-4278-8161-971ba473801b.methylation_array.sesame.level3betas.txt	13187455	425634c97bca2e147747443658b502fe	TCGA-LUAD	TCGA-55-6972	TCGA-55-6972-01A	Primary Tumor
c5c4fec0-8791-400f-abbd-68fa0e20d9aa	b038a911-e931-469c-8380-6c58182d8dfe.methylation_array.sesame.level3betas.txt	13011504	f3247d1eb4e7089a969b5bfdbdc5a64f	TCGA-LUAD	TCGA-55-6975	TCGA-55-6975-01A	Primary Tumor
30253107-9860-43d3-97a5-e5b19bb2d5e3	60295882-2636-44a0-abea-b351bedc387d.methylation_array.sesame.level3betas.txt	13136478	d3b5bfa8379e3279bb4fe9855cda05a9	TCGA-LUAD	TCGA-55-6978	TCGA-55-6978-01A	Primary Tumor
e23976ef-e9f4-4de5-9d4b-2ba7525e3bf3	ea77de23-8036-4273-9feb-f05ba91bd014.methylation_array.sesame.level3betas.txt	13189597	2f30845b9958602de8e6f6dc30f74e3d	TCGA-LUAD	TCGA-55-6979	TCGA-55-6979-01A	Primary Tumor
b06f0f20-d553-4c34-b6c7-6b3081777464	3290e1e3-261e-4e80-8f82-fdd39e272d6e.methylation_array.sesame.level3betas.txt	13176173	2570b579798d8ad6fa7842d06b892752	TCGA-LUAD	TCGA-55-6980	TCGA-55-6980-01A	Primary Tumor
b92b3124-331c-4fef-b43e-420d365278e5	8ef75cb3-7c03-4d4b-a6b8-cad81245657b.methylation_array.sesame.level3betas.txt	13174728	5ea4ae507e983e702be2624bcec1da86	TCGA-LUAD	TCGA-55-6981	TCGA-55-6981-01A	Primary Tumor
776b73ea-761c-40b0-9a8c-246f488d8691	54abeafe-df97-465a-96ad-1cf2ecf83124.methylation_array.sesame.level3betas.txt	13160754	804201e8185f9aa44da867e062734a60	TCGA-LUAD	TCGA-55-6982	TCGA-55-6982-01A	Primary Tumor
b918335b-f377-41d8-be7f-a906d04831f0	f2f75442-737d-40ea-af89-5c9ff99fc081.methylation_array.sesame.level3betas.txt	13183474	a27cce16122d62e7f50b229dcb799924	TCGA-LUAD	TCGA-55-6983	TCGA-55-6983-01A	Primary Tumor
af3d5a78-b972-41c7-95a4-392f69fb7d7a	e5d651fc-e2b7-47e8-be8c-5f22314356b0.methylation_array.sesame.level3betas.txt	13183500	0329758a96977e81aaecd75cadd9e95b	TCGA-LUAD	TCGA-55-6984	TCGA-55-6984-01A	Primary Tumor
0913aa72-3042-476c-ae5a-5cac64b96a43	adda282d-c39e-4870-918d-b0c4eadbe84e.methylation_array.sesame.level3betas.txt	13135507	d9b5fd812a3b7d263f03e2dc709fbc2d	TCGA-LUAD	TCGA-55-6985	TCGA-55-6985-01A	Primary Tumor
abc2a4aa-95a4-42bf-9b69-dd539e3e5f82	22becbe6-8c21-40fb-ae14-0eb28a42d0aa.methylation_array.sesame.level3betas.txt	13167730	1c17269afbd1a70bf6eb0cd6b06f9aae	TCGA-LUAD	TCGA-55-6986	TCGA-55-6986-01A	Primary Tumor
4f8e99f9-a32a-4ab9-8f71-642d5db85fe9	59ded356-91a9-45d8-b2c8-c44f797c725f.methylation_array.sesame.level3betas.txt	13175478	4492879ff907833e4587f248e2f6d82b	TCGA-LUAD	TCGA-55-6987	TCGA-55-6987-01A	Primary Tumor
efa386bb-8ee4-4ddd-b1ee-c8cafc6c9c52	25214251-7f00-4670-b2ad-093f9478197c.methylation_array.sesame.level3betas.txt	13183223	9824601bfa56c5676b1d0424fa51f147	TCGA-LUAD	TCGA-55-7227	TCGA-55-7227-01A	Primary Tumor
35996aea-8faa-479c-ae18-5d723c80921d	e69785ce-b386-4f91-9192-91383ef57dba.methylation_array.sesame.level3betas.txt	13183646	855ad8cdcc629a03c897c04fdc6f2823	TCGA-LUAD	TCGA-55-7281	TCGA-55-7281-01A	Primary Tumor
1b25bc22-3fc9-4f08-ab58-368b2b62b176	bf028572-783d-4ce6-8f7c-8c9c7ac6d33a.methylation_array.sesame.level3betas.txt	13164279	0207a9d68abd811b3770baed12aa365a	TCGA-LUAD	TCGA-55-7283	TCGA-55-7283-01A	Primary Tumor
eb55df92-ecb3-4cd6-ad0f-716a229255c5	68ca8547-31f5-4b52-9e20-fb6e791c4f7e.methylation_array.sesame.level3betas.txt	13136465	ca92fc4da9d7edba4c74a90f635e2738	TCGA-LUAD	TCGA-55-7284	TCGA-55-7284-01B	Primary Tumor
a3ba3301-4364-47be-806b-a923175c8669	c7f3b5c1-dc4e-4751-8c6b-fd7105b2507a.methylation_array.sesame.level3betas.txt	13181353	7e22997c0c08dbfd48fe3cc3d908b734	TCGA-LUAD	TCGA-55-7570	TCGA-55-7570-01A	Primary Tumor
44ce81af-84a9-4287-89db-cac043d46715	6fd3fc42-ef21-4111-939c-873b688674f4.methylation_array.sesame.level3betas.txt	13189244	2c48c7cfcce6f533c26f410af8f39490	TCGA-LUAD	TCGA-55-7573	TCGA-55-7573-01A	Primary Tumor
04e13d09-b1b4-4bff-a06b-b30106322bb3	0f8c4c8c-414d-4c23-97c0-9442d33fd1c9.methylation_array.sesame.level3betas.txt	13184651	0d6768c5540ed4766b8bb33c1fc57019	TCGA-LUAD	TCGA-55-7574	TCGA-55-7574-01A	Primary Tumor
f60f1bdf-26cf-45b0-9052-f2b1dc9deb04	3bde8891-afff-48b3-8a57-675ddef2d30c.methylation_array.sesame.level3betas.txt	13190558	2f8190c812aeb9f349f38e4967c2d054	TCGA-LUAD	TCGA-55-7576	TCGA-55-7576-01A	Primary Tumor
7b364375-01ab-4f56-8ce5-b90432835d40	653bf83e-fd57-4946-88bb-3d4c6599286e.methylation_array.sesame.level3betas.txt	13137604	8e56484ce93786d781a7c773ac1d918b	TCGA-LUAD	TCGA-55-7724	TCGA-55-7724-01A	Primary Tumor
cdb2e874-1a1e-4dd9-8c31-224902903e13	602a1d0d-bf24-42b2-a36b-1ec782ef8058.methylation_array.sesame.level3betas.txt	13099315	b2849635b9e3efdd37b7c86300218081	TCGA-LUAD	TCGA-55-7725	TCGA-55-7725-01A	Primary Tumor
65bcd707-c301-469f-a2f1-1faa097795b8	6783a8bc-8dfb-46be-9738-bb6e1dd468d2.methylation_array.sesame.level3betas.txt	13083635	2bed502c1c4d27636c2a403327d0fcc5	TCGA-LUAD	TCGA-55-7726	TCGA-55-7726-01A	Primary Tumor
22ce762e-783e-455a-bb04-fa95a0c4b1d2	fb46eff2-33da-4061-bcd9-9b13508bbce8.methylation_array.sesame.level3betas.txt	13007727	70509214bacfe97368fb01dde399bc5f	TCGA-LUAD	TCGA-55-7727	TCGA-55-7727-01A	Primary Tumor
8e87cfa9-5b0d-4f1b-b826-fd177f4a6c40	6b4752c5-376d-4869-9e4c-697c1fedaba3.methylation_array.sesame.level3betas.txt	13139703	e88b94008120a252cf53844e12c4553c	TCGA-LUAD	TCGA-55-7728	TCGA-55-7728-01A	Primary Tumor
a26dc0d7-7c7d-4940-8d32-4b5c1effc53e	cb68d7a8-f5ce-4d46-984f-7bd09a4e7a91.methylation_array.sesame.level3betas.txt	13076875	329ec864f22c3b543eb4bec0c82880e1	TCGA-LUAD	TCGA-55-7815	TCGA-55-7815-01A	Primary Tumor
828a3f48-e6d5-4672-b492-570289805f22	1136f1bd-75d7-49bf-abec-4782150efba8.methylation_array.sesame.level3betas.txt	13093964	9caa79d694a76dc1bb1bc59d75bdacc9	TCGA-LUAD	TCGA-55-7816	TCGA-55-7816-01A	Primary Tumor
d912d421-44ed-46a8-9b39-7ceb8fc697ac	c7209ad2-1693-4133-a70b-f047deb12bca.methylation_array.sesame.level3betas.txt	13162356	c8ee6872377cdda4ab32efdef4dfcd48	TCGA-LUAD	TCGA-55-7903	TCGA-55-7903-01A	Primary Tumor
2e172f0b-7992-42ba-8349-b65fa12b6126	b7a431d1-1218-4385-886b-29e74605381c.methylation_array.sesame.level3betas.txt	13038457	72c510a78697958b38e1c1d7849d1033	TCGA-LUAD	TCGA-55-7907	TCGA-55-7907-01A	Primary Tumor
50529755-4486-4a13-98e2-7d9d584ea1d9	429d0310-b057-44f6-82db-e60be79a5689.methylation_array.sesame.level3betas.txt	13018946	52ec004dff1731675d866244e43964f6	TCGA-LUAD	TCGA-55-7910	TCGA-55-7910-01A	Primary Tumor
3f54bfca-959f-4f90-93c9-f1690699d9fc	1c6d4890-5d48-4372-b14c-b58c0fe526ba.methylation_array.sesame.level3betas.txt	13132708	c13ed03b2263e375f7212f376868cf31	TCGA-LUAD	TCGA-55-7911	TCGA-55-7911-01A	Primary Tumor
0545a597-63b3-49b1-bd3b-781c4507acd2	f72dfbb7-105b-4a8f-a5e6-d18732b14f3c.methylation_array.sesame.level3betas.txt	13197418	cbccffec53e1b5987fa0bb30e53bbb4c	TCGA-LUAD	TCGA-55-7913	TCGA-55-7913-01B	Primary Tumor
e80908d4-faf0-4252-9b65-9b388936b2a5	03923c8e-5aa1-46ec-bbdc-d279041cc5f2.methylation_array.sesame.level3betas.txt	13106602	c6b2c6f3bd842d85d8433551f182a090	TCGA-LUAD	TCGA-55-7914	TCGA-55-7914-01A	Primary Tumor
57e07e6a-4aa7-470e-a034-bef2c2d3652d	a6914e4d-52f5-45eb-97d3-2318958cf8af.methylation_array.sesame.level3betas.txt	13085943	2d63b55b5bee35b60de56c2d72591b89	TCGA-LUAD	TCGA-55-7994	TCGA-55-7994-01A	Primary Tumor
ada7caf4-d45f-4bcc-8eb1-bd247d1222f4	a9d5eda4-b86a-42bc-b32f-c2d5cc4f38fe.methylation_array.sesame.level3betas.txt	13140938	49bd27d76e61498d7f6ab12b8df92d5d	TCGA-LUAD	TCGA-55-7995	TCGA-55-7995-01A	Primary Tumor
a2e812ab-393e-45aa-82cc-948ac8f8f70c	e6df83b3-e9e9-4a0c-8a5c-9fc7f8dca53b.methylation_array.sesame.level3betas.txt	13177710	75bb48b9380c18458d5798673084e5df	TCGA-LUAD	TCGA-55-8085	TCGA-55-8085-01A	Primary Tumor
d6b1b019-ca00-42cd-aebf-3e137e5f4adf	74cb0974-4ae9-4a3e-b427-53702307beca.methylation_array.sesame.level3betas.txt	13153368	6fc18225f0afa426674267e17a177763	TCGA-LUAD	TCGA-55-8087	TCGA-55-8087-01A	Primary Tumor
309f2a01-dbbd-42dd-87ac-bfd688fda6d4	65a3c8f3-0fa0-4db6-9d93-1611f8351845.methylation_array.sesame.level3betas.txt	13189252	80f8c64afba2a1525de78fe790a53357	TCGA-LUAD	TCGA-55-8089	TCGA-55-8089-01A	Primary Tumor
8cd4629e-c9ec-4168-9e2f-24a8822deeae	1ddc7fd3-a8c9-4122-8c93-f9909939be58.methylation_array.sesame.level3betas.txt	13158564	bb45fefda8c39e09efb43f756ccd0a76	TCGA-LUAD	TCGA-55-8090	TCGA-55-8090-01A	Primary Tumor
04f5172a-86c4-47fc-b553-d465adbeb9af	f685f3ac-2a8b-4075-8730-0dfee1cdba12.methylation_array.sesame.level3betas.txt	13154328	5d699f75c280f2b821d6a257a82110d3	TCGA-LUAD	TCGA-55-8091	TCGA-55-8091-01A	Primary Tumor
bbebc7e7-a2ee-4fdd-a100-e19b05095594	61e28f79-a54f-4c04-aed8-80dfcebb78cf.methylation_array.sesame.level3betas.txt	13141573	3ddd4de62b7614dce6c76aadf557004e	TCGA-LUAD	TCGA-55-8092	TCGA-55-8092-01A	Primary Tumor
fd6cdb37-c7d5-485f-b2db-57362cdc9a7a	cb131cbf-f395-462f-91ed-ff7a82923359.methylation_array.sesame.level3betas.txt	13146104	9c2c1d3cc65f84c036331b29f9ae3a98	TCGA-LUAD	TCGA-55-8094	TCGA-55-8094-01A	Primary Tumor
84528f8b-1829-4ea1-9abf-ae1bbf70b45e	47e349a0-672d-42ef-8397-c0472edd4942.methylation_array.sesame.level3betas.txt	13047801	a2acf03ea2276c34cb34f358365d3110	TCGA-LUAD	TCGA-55-8096	TCGA-55-8096-01A	Primary Tumor
b0bedc50-f192-4fde-a2d6-2a4696e0408e	df608514-7b26-49ad-bb2f-ded0de4cce30.methylation_array.sesame.level3betas.txt	13187013	de1792a2db5d78d6c40738a02b4e379d	TCGA-LUAD	TCGA-55-8097	TCGA-55-8097-01A	Primary Tumor
d1083c73-7bf0-49cf-8f5a-8bb546b5ca8a	ae0f2833-4082-4b82-adae-da1f48dfde7d.methylation_array.sesame.level3betas.txt	13132901	ec1cc71d1e1ecb0ba3d2b36bada4ce33	TCGA-LUAD	TCGA-55-8203	TCGA-55-8203-01A	Primary Tumor
b2f56684-e2df-4182-88a6-a1571e3e2030	1bfeadb5-7507-4d99-bb33-71816275accc.methylation_array.sesame.level3betas.txt	13096883	580dd9648c595841652e97340afc75e8	TCGA-LUAD	TCGA-55-8204	TCGA-55-8204-01A	Primary Tumor
5c4993ce-5eb2-47d7-8de0-95cb0fb922ee	beea8c54-3638-48c2-b1ad-a395e3f960d3.methylation_array.sesame.level3betas.txt	13061846	69f64973c50b9c0c0a16277ba41a107c	TCGA-LUAD	TCGA-55-8205	TCGA-55-8205-01A	Primary Tumor
8767fbd1-a53f-4899-953b-f1fc247ec1dc	2f7eb5ec-7aea-497f-a31f-3548b38b87b5.methylation_array.sesame.level3betas.txt	13176856	0a8c93b6e9ebc2327f49856949b2e73b	TCGA-LUAD	TCGA-55-8206	TCGA-55-8206-01A	Primary Tumor
1e399851-bf1b-468f-a560-cd643e88c155	1340fcd8-c3e9-4729-a05c-680c0dff851c.methylation_array.sesame.level3betas.txt	13187236	4c199b831bbe76f0426d8cfbc8b822ad	TCGA-LUAD	TCGA-55-8207	TCGA-55-8207-01A	Primary Tumor
6c986318-707c-489e-87af-1e0d08e3294c	d3e305f3-194e-4cd6-967d-3f585dd68541.methylation_array.sesame.level3betas.txt	13175477	f955a4374c329db6307c0f91cc9f5358	TCGA-LUAD	TCGA-55-8208	TCGA-55-8208-01A	Primary Tumor
43b958a1-d856-4123-85ec-8740995c2a99	8a34da55-5b86-4c17-b9a9-097b3252eb64.methylation_array.sesame.level3betas.txt	13113270	71a53c02556581aca658d400a0eef152	TCGA-LUAD	TCGA-55-8299	TCGA-55-8299-01A	Primary Tumor
f8582f43-9295-46a1-a180-99aff776dedd	f042968a-e711-4daf-b26c-036c45b49f51.methylation_array.sesame.level3betas.txt	13162476	52b67a7be06b34e18032618595571d82	TCGA-LUAD	TCGA-55-8301	TCGA-55-8301-01A	Primary Tumor
0968ba09-3f57-400f-bb30-def45e6ae860	b7818e48-5943-4268-84aa-9d08776b95b4.methylation_array.sesame.level3betas.txt	13124902	b6ff783b702115563a7fb62e75d63aba	TCGA-LUAD	TCGA-55-8302	TCGA-55-8302-01A	Primary Tumor
4bfde15f-2584-40f3-be82-3b7cc8ee53a8	7a682ebf-cd19-47ef-adc3-38ba36001e99.methylation_array.sesame.level3betas.txt	13163098	a626eaae68cfec0b3fc434863d6b5567	TCGA-LUAD	TCGA-55-8505	TCGA-55-8505-01A	Primary Tumor
7b26e197-cb01-493f-a485-bcced6628ac5	ec026de4-cdcb-4e0e-b2f1-fe4e3fecf0fd.methylation_array.sesame.level3betas.txt	13137311	f0d567471dcaa687cecfcd9063afdc03	TCGA-LUAD	TCGA-55-8506	TCGA-55-8506-01A	Primary Tumor
9bb253a9-4f01-4633-9d73-a934b5e33c81	78bc3ae7-f04d-4ad7-a8a8-f27398e8cdec.methylation_array.sesame.level3betas.txt	13155118	4aaf61a59b6b4fcd93b9c3773fae498a	TCGA-LUAD	TCGA-55-8507	TCGA-55-8507-01A	Primary Tumor
ac1b3490-b748-4aed-bc57-74c572251952	acd1c0ea-1c9b-495e-ad5d-9784561d2cf8.methylation_array.sesame.level3betas.txt	13163550	125ddf5df03b289b4d58c1d95e168d52	TCGA-LUAD	TCGA-55-8508	TCGA-55-8508-01A	Primary Tumor
d641f087-3eef-4a02-add6-15fd1bcbcaf3	ad7c18ca-e7f8-4e0c-9cd4-8ed6421dc54c.methylation_array.sesame.level3betas.txt	13183984	a5f7065dc4065cb289e194a37a2f8153	TCGA-LUAD	TCGA-55-8510	TCGA-55-8510-01A	Primary Tumor
5fa05f88-7da5-46cc-aac3-db8a6766f598	40795d8c-ed2f-4020-8291-1273253f0645.methylation_array.sesame.level3betas.txt	13140825	ceb65a21a392c0f46116ae8fc56fe1ef	TCGA-LUAD	TCGA-55-8511	TCGA-55-8511-01A	Primary Tumor
034ddf29-0552-44b9-97b4-b9a9a38b6ca0	e79afe4a-d19b-4d11-8c08-ebcebb962d9c.methylation_array.sesame.level3betas.txt	13192430	abd2af813dbb425adb982e9609481f7f	TCGA-LUAD	TCGA-55-8512	TCGA-55-8512-01A	Primary Tumor
799dea03-d322-4b58-b2c6-106c211d63f6	422f5cda-a7a1-42e9-8f76-7e8b2212786d.methylation_array.sesame.level3betas.txt	13141483	c4a7a1edf36aa9d306e9117c37c668ce	TCGA-LUAD	TCGA-55-8513	TCGA-55-8513-01A	Primary Tumor
a38fef4e-8a25-431f-98c0-372ecc3a996c	8d564615-8bab-4f73-92c6-80b46f502b09.methylation_array.sesame.level3betas.txt	13164509	1a2499cb0f07bd43b8dbdca4d9bfab59	TCGA-LUAD	TCGA-55-8514	TCGA-55-8514-01A	Primary Tumor
282d4112-95df-47a4-9242-fc4967b78962	8fa4cdef-839a-4fc3-a901-b7908992cd71.methylation_array.sesame.level3betas.txt	13088563	f016921e55dc3b3fa2bf40c4d2ea9d28	TCGA-LUAD	TCGA-55-8614	TCGA-55-8614-01A	Primary Tumor
d51ec44a-29e6-424f-977a-515e4a8dd25e	c73e65c5-5f95-4baf-8899-f4d52cc003c1.methylation_array.sesame.level3betas.txt	13164770	2d5bd1b53ea8374e993a7fea0c2188be	TCGA-LUAD	TCGA-55-8615	TCGA-55-8615-01A	Primary Tumor
3bb26043-9829-45af-baf0-8158a279ff2d	b8f3ca69-03e4-4fff-95b2-375bce3b611c.methylation_array.sesame.level3betas.txt	13107453	a9fa3e5321c1ba0491671fd709a3b145	TCGA-LUAD	TCGA-55-8616	TCGA-55-8616-01A	Primary Tumor
fcabcdca-c9bc-4127-a7d6-e91a66bab3de	1f049f5d-3a9b-4f8d-8f48-99954481c5dd.methylation_array.sesame.level3betas.txt	13074940	8171042a8ef4957da8937a4304eec1b0	TCGA-LUAD	TCGA-55-8619	TCGA-55-8619-01A	Primary Tumor
488d0307-a23e-473f-81c9-8cc019c2e81d	86b7e055-e61c-4671-83a2-8ab775dee599.methylation_array.sesame.level3betas.txt	13036689	37212eb450952b175700d7f83acc640b	TCGA-LUAD	TCGA-55-8620	TCGA-55-8620-01A	Primary Tumor
533b6356-becd-4033-8ff7-cc8e2a50e350	ff33d9dd-eefa-42b0-9160-f4f0138a793e.methylation_array.sesame.level3betas.txt	13173024	e88f075c504396762e238634f8cd33be	TCGA-LUAD	TCGA-55-8621	TCGA-55-8621-01A	Primary Tumor
faea0407-fa80-4561-b5d5-8bd9a8312c19	c8399e58-3bde-4988-b804-ccdfae7c7327.methylation_array.sesame.level3betas.txt	13184616	25eb750f86e99d9394edb66f66fe8a16	TCGA-LUAD	TCGA-55-A48X	TCGA-55-A48X-01A	Primary Tumor
4fcc8434-2b4d-4687-8a5b-9f3289a8f8e4	fde10734-68d0-47f9-a184-ec2837138c6c.methylation_array.sesame.level3betas.txt	13151618	5c8f0824e845151b838513c240a39806	TCGA-LUAD	TCGA-55-A48Y	TCGA-55-A48Y-01A	Primary Tumor
cb99c929-7546-4ebc-908a-9da1f76b6615	f393eb69-7017-4b72-85b8-b258f4dc071a.methylation_array.sesame.level3betas.txt	13188344	8401a92e74e70e0a827ee58b284228fa	TCGA-LUAD	TCGA-55-A48Z	TCGA-55-A48Z-01A	Primary Tumor
65ce01b5-6057-4292-9b66-6d0c0f261907	820c136b-a314-4bdb-9ebe-33181bd65aac.methylation_array.sesame.level3betas.txt	13169593	281e0493ef9c41d5777b8b6d29efa51b	TCGA-LUAD	TCGA-55-A490	TCGA-55-A490-01A	Primary Tumor
29989738-5991-449f-9ac4-a24ba19b9e72	d2b2c8d0-e1e0-4b69-aa53-207f0db6d471.methylation_array.sesame.level3betas.txt	13157291	0e194df7823ef62ea2255fb622964d50	TCGA-LUAD	TCGA-55-A491	TCGA-55-A491-01A	Primary Tumor
ff28d174-dc2b-4fd8-a1bc-886edc90669f	83669722-994b-4a75-8bc4-c43e15460d48.methylation_array.sesame.level3betas.txt	13159770	8fe90d9e18d12d0349e1cd473e17af7d	TCGA-LUAD	TCGA-55-A492	TCGA-55-A492-01A	Primary Tumor
414a6798-a32b-4d9b-90d8-e85552181921	5df6f4aa-ec7a-4d00-8f31-83fd938105ba.methylation_array.sesame.level3betas.txt	13163404	88dc819329a6eecfe1ad0788dde7474d	TCGA-LUAD	TCGA-55-A493	TCGA-55-A493-01A	Primary Tumor
8fcf517c-b58d-47f3-aa37-844c5b8ae6ad	5ab0a981-f08a-4e96-9f52-14abcdd0b540.methylation_array.sesame.level3betas.txt	13164446	95863f2fa94c10e92a3ff9e25f1b8fe4	TCGA-LUAD	TCGA-55-A494	TCGA-55-A494-01A	Primary Tumor
677e9730-3d25-4d95-8a5d-d9b8b7b05d15	e4acede6-5ddb-45f1-95f5-03375928323f.methylation_array.sesame.level3betas.txt	13153520	1342b5197ac4527767c0881958927aee	TCGA-LUAD	TCGA-55-A4DF	TCGA-55-A4DF-01A	Primary Tumor
11ee1fd4-24ae-41e1-a008-4b046b936d0d	95ad4734-8a65-48c0-88b7-5a2bb3a7e2d3.methylation_array.sesame.level3betas.txt	13157220	3b0fca174be0b63e0bc9ecd4881743a8	TCGA-LUAD	TCGA-55-A4DG	TCGA-55-A4DG-01A	Primary Tumor
9559bba3-1654-4f1e-8913-48e26bc11955	eae0944c-2c04-43d0-9561-b241221ffe9e.methylation_array.sesame.level3betas.txt	13006098	8b944700e709abdaaa49cfcb5fd85433	TCGA-LUAD	TCGA-55-A57B	TCGA-55-A57B-01A	Primary Tumor
09d18aee-6853-4254-9024-45ba7aa7b111	13ae21cb-a81b-4794-9cde-0375a276fffa.methylation_array.sesame.level3betas.txt	12926518	32aa87da11ff26c81b6206acdd8c6b1a	TCGA-LUAD	TCGA-62-8394	TCGA-62-8394-01A	Primary Tumor
33676ff5-8b4c-4b69-a619-073416300d94	ad25c2a9-321f-4d70-8f64-5493d951261b.methylation_array.sesame.level3betas.txt	12906917	ffc69158aee16c5ea69e7fbb56108c38	TCGA-LUAD	TCGA-62-8395	TCGA-62-8395-01A	Primary Tumor
02c085f9-c641-427c-9cb6-51720e3f4a3e	639097ee-9965-42ba-bbdb-d385d2f91fbe.methylation_array.sesame.level3betas.txt	13122161	710f57160cab4d47e89b7b8c91acfb29	TCGA-LUAD	TCGA-62-8397	TCGA-62-8397-01A	Primary Tumor
d47fbff6-6390-4393-ac49-033ddbfd899b	84046efd-7e9e-497b-be99-0a551fc1ce67.methylation_array.sesame.level3betas.txt	13138882	19205505f08f3090eac5db24cbe818f2	TCGA-LUAD	TCGA-62-8398	TCGA-62-8398-01A	Primary Tumor
b1f8cdd8-3952-427a-bf6c-fcd83637105e	593c3959-c499-41ff-90d5-444b32d92c70.methylation_array.sesame.level3betas.txt	13071899	49b97c7589fa5e32b5bc6741711d55ba	TCGA-LUAD	TCGA-62-8399	TCGA-62-8399-01A	Primary Tumor
6197af26-7720-47ae-8af5-37a2bf947378	41df1552-4f17-4107-bf4c-a4d3aeadc1fc.methylation_array.sesame.level3betas.txt	13119678	1635ee4310587b89da2c842e2c48da7a	TCGA-LUAD	TCGA-62-8402	TCGA-62-8402-01A	Primary Tumor
190549e3-ede8-4fa2-9f14-91efac4798b4	f30069b4-0de2-4c4d-a352-16405e459edd.methylation_array.sesame.level3betas.txt	13180358	40d008bcb807e67fb0740b95c78545c1	TCGA-LUAD	TCGA-62-A46O	TCGA-62-A46O-01A	Primary Tumor
e6aa4c27-7c78-461a-a3c8-584ea850af77	552ac1ae-7882-454f-9f21-24bcbc9e2e62.methylation_array.sesame.level3betas.txt	13153827	9348dabf2524c2079a448fc9aae2a443	TCGA-LUAD	TCGA-62-A46P	TCGA-62-A46P-01A	Primary Tumor
08f0f0d0-5309-40ab-aa3b-07e62a5eef2a	46331eb7-4acc-489c-add8-150153832fcc.methylation_array.sesame.level3betas.txt	13098551	92496c8aa8301fd8c25e344bab1c3fdf	TCGA-LUAD	TCGA-62-A46R	TCGA-62-A46R-01A	Primary Tumor
c01350c9-89ac-40ae-84ac-0fac77712446	82df3c33-91dc-4cfe-b6e1-ac38dc3e94a3.methylation_array.sesame.level3betas.txt	13168456	d6a67ff4520e2b4077ebc8852be40bd8	TCGA-LUAD	TCGA-62-A46S	TCGA-62-A46S-01A	Primary Tumor
e32c25cd-4ff2-46ba-b228-a6027081117a	e83d8f5b-e104-458e-b8e8-d058f8e8d8b2.methylation_array.sesame.level3betas.txt	13184514	7896e0cee864cc5ff80f4262c931bcef	TCGA-LUAD	TCGA-62-A46U	TCGA-62-A46U-01A	Primary Tumor
122bcacd-c7d2-4b71-a0e3-6dcc93230154	5ee7cb99-d660-4d32-8788-a19c2f4d7c82.methylation_array.sesame.level3betas.txt	13136726	34635caf4232a892c056573d691740b5	TCGA-LUAD	TCGA-62-A46V	TCGA-62-A46V-01A	Primary Tumor
d6084fc6-61c5-49d3-ad26-16035d47137d	b31200c2-95ba-4262-9cf9-933a5e1d369a.methylation_array.sesame.level3betas.txt	13169795	249820c6ee6a913bc8b31dccb5fa3b75	TCGA-LUAD	TCGA-62-A46Y	TCGA-62-A46Y-01A	Primary Tumor
8c5bdec3-d1cb-4790-88e1-911962205d94	882d482e-0c41-421a-af52-98d0680963ce.methylation_array.sesame.level3betas.txt	13173986	277d5cb2a060e6a36bdb6e1a1d0632ea	TCGA-LUAD	TCGA-62-A470	TCGA-62-A470-01A	Primary Tumor
14da0a88-fb70-4df6-8ff5-c94cbe508c77	f66a6fe5-68ef-4d4e-890c-dd5bfcda0826.methylation_array.sesame.level3betas.txt	13189623	0f0a4790f336ca042ab7676be35547dc	TCGA-LUAD	TCGA-62-A471	TCGA-62-A471-01A	Primary Tumor
54062dc6-e8c5-437b-b078-30dc6fd038f2	6fc65f22-60a7-4dac-ae24-478d5a32e7ba.methylation_array.sesame.level3betas.txt	13171060	dbeb8b35203e9d5046e3fdb3ec55e3d1	TCGA-LUAD	TCGA-62-A472	TCGA-62-A472-01A	Primary Tumor
266d2f25-bf17-4969-b5ee-c6e35314c63a	2c1c9d79-2387-4ba1-bdb8-b2f86dd87f54.methylation_array.sesame.level3betas.txt	13186143	bfcad5cace96b20d9eec8c3bddd7544e	TCGA-LUAD	TCGA-64-1679	TCGA-64-1679-01A	Primary Tumor
2d8000c8-134d-4f11-a574-f8a892b6a0ee	ca328e3e-813d-4f13-b864-c7eafe66a611.methylation_array.sesame.level3betas.txt	13158337	d31c7b9744d9cd089a654d42e8f60328	TCGA-LUAD	TCGA-64-1681	TCGA-64-1681-01A	Primary Tumor
2f36af7c-4d6a-4040-a622-e307157c5e41	76b23bc4-560f-4653-b264-0ea986f497c2.methylation_array.sesame.level3betas.txt	13193125	b8a4c187d81221e6e69dccefdcf7e44a	TCGA-LUAD	TCGA-64-5774	TCGA-64-5774-01A	Primary Tumor
e67228c8-76dc-47e5-94dc-7654720406e9	35faf022-a0c8-4cf7-8019-7189a7a7886e.methylation_array.sesame.level3betas.txt	13167079	1b1b2cccd3344d2c12403f900a85e2b2	TCGA-LUAD	TCGA-64-5775	TCGA-64-5775-01A	Primary Tumor
51d76613-21ab-4794-a3c5-fd083b01f467	fd3484f0-1f98-4c8f-a1b0-5cad71ffcb0b.methylation_array.sesame.level3betas.txt	13185856	1229aff74644fdb1505a5f8e8bebeb23	TCGA-LUAD	TCGA-64-5778	TCGA-64-5778-01A	Primary Tumor
79c71d84-c186-430d-8c5f-07f37970fb85	87bc194f-3421-49ca-a9b3-5e6b448030fe.methylation_array.sesame.level3betas.txt	13200808	a78e031e2746e267efd2dd824afc42dc	TCGA-LUAD	TCGA-64-5779	TCGA-64-5779-01A	Primary Tumor
87e05d70-3968-48cd-85cf-a6a09e693115	944920f1-ec4a-4c1c-9711-f804dba58ff6.methylation_array.sesame.level3betas.txt	13171174	7496e55be0427beb9497e15590ee69f1	TCGA-LUAD	TCGA-64-5781	TCGA-64-5781-01A	Primary Tumor
dd669086-eed6-4ab5-ad5b-49fce7a86a34	8f553d6f-f314-4293-9a70-d3dcb7dae8f7.methylation_array.sesame.level3betas.txt	13153944	7ffe6644b653014b4aa51612a1ba9dec	TCGA-LUAD	TCGA-64-5815	TCGA-64-5815-01A	Primary Tumor
8031046b-b353-458a-9333-e888033050e2	a27f851a-3654-4a20-b3bb-2d226d2212fe.methylation_array.sesame.level3betas.txt	12973705	744bd693423c4da4e1749a7ff9b22b5f	TCGA-LUAD	TCGA-67-4679	TCGA-67-4679-01B	Primary Tumor
f5635a88-4f2b-4ea8-b09e-8781dc3ca290	5dda0333-2f10-41f6-a1ff-171e7f7144b8.methylation_array.sesame.level3betas.txt	13161119	c7f12b0d04e997661c089a2167482653	TCGA-LUAD	TCGA-67-6215	TCGA-67-6215-01A	Primary Tumor
e81503a9-2c28-477b-adf4-39cac61c5c4a	f40b4291-efa3-4def-b0a8-f27814e455c0.methylation_array.sesame.level3betas.txt	13179750	e63860ca7eaca4783ab62d90d4a251d4	TCGA-LUAD	TCGA-67-6216	TCGA-67-6216-01A	Primary Tumor
2aa8a738-2ae6-4c7a-83ce-337fd3419e75	af7c8efb-d4db-431c-98c0-3734d75712a2.methylation_array.sesame.level3betas.txt	13159817	243c8aa4a0a4d273b198e3f88802a32a	TCGA-LUAD	TCGA-67-6217	TCGA-67-6217-01A	Primary Tumor
6faaf840-cb06-493e-81bc-26041d6b6939	9482f806-4880-4938-9c7d-0d9052d1b0c4.methylation_array.sesame.level3betas.txt	13112037	d3ede675cfcaf6217f5ed4c2df6eebbc	TCGA-LUAD	TCGA-69-7760	TCGA-69-7760-01A	Primary Tumor
998bc1da-2340-40ea-ad88-9116db3c9e10	26c9dcc2-ca95-4f34-a2de-7999db201e84.methylation_array.sesame.level3betas.txt	13101137	f98e6d2c1110073ec525e4839712f9bf	TCGA-LUAD	TCGA-69-7761	TCGA-69-7761-01A	Primary Tumor
b3315d2a-a740-412d-b3c8-3d043fdc845c	843ee035-4b34-4730-8e18-12dc95052f9b.methylation_array.sesame.level3betas.txt	13163682	47a14e1e9f8699242193708351b971ee	TCGA-LUAD	TCGA-69-7763	TCGA-69-7763-01A	Primary Tumor
ba35952c-fed9-4a1c-8d9f-0a9ea6d1f1b7	43bb27c6-f768-4f56-a97e-07a72de4bed8.methylation_array.sesame.level3betas.txt	13113669	6dbfe44fd27b9323b9f45bcc6bfe3599	TCGA-LUAD	TCGA-69-7764	TCGA-69-7764-01A	Primary Tumor
0cb10a2d-1f60-46a8-8f50-d62941ab09f6	9d47dfb6-8ff8-4771-884f-53433f21ba68.methylation_array.sesame.level3betas.txt	13059462	96c54ab1983a546aad74d4e1bab18701	TCGA-LUAD	TCGA-69-7765	TCGA-69-7765-01A	Primary Tumor
de9fe3d1-257c-4ce7-8d0b-f06054530973	281c4a85-5275-41dd-a907-b009c2c27c7b.methylation_array.sesame.level3betas.txt	13124333	ca7f06c93a2fc62cc6fc82f4a0cd9ab3	TCGA-LUAD	TCGA-69-7973	TCGA-69-7973-01A	Primary Tumor
cb773286-4a34-44ba-89d7-9b0b7b96bf3f	881464b2-9f78-4564-800a-cf216fcf439c.methylation_array.sesame.level3betas.txt	13120194	97941b82cbfae0527acab783619dd5a8	TCGA-LUAD	TCGA-69-7974	TCGA-69-7974-01A	Primary Tumor
03639951-3a42-49d5-ae8f-e26c128223c7	de37fbeb-8626-454f-953d-6a8ea10ff693.methylation_array.sesame.level3betas.txt	13114389	d5717d5dceaa3aab77ff0cd05c529909	TCGA-LUAD	TCGA-69-7978	TCGA-69-7978-01A	Primary Tumor
c6459ca1-d0d8-41c5-81df-d9176f25af9f	60779cc4-7f75-4928-b93c-c9e3cca67f66.methylation_array.sesame.level3betas.txt	13034682	c2657dda6df6216a09f9b05d34004148	TCGA-LUAD	TCGA-69-7979	TCGA-69-7979-01A	Primary Tumor
9bccd373-9b0c-430b-85a6-4ea5e5a74e76	3aaabbfe-84a6-4c04-bd35-94c0c8cc3557.methylation_array.sesame.level3betas.txt	13091649	4c005bdfe9876a814cb87c3aa42823fb	TCGA-LUAD	TCGA-69-7980	TCGA-69-7980-01A	Primary Tumor
4e2d6887-3537-43ee-9923-baaa04bab13a	7e9d7d56-dda7-4295-86c9-e350e69e6254.methylation_array.sesame.level3betas.txt	13152092	59dbb238c3ec0724c14d115121d1fa2c	TCGA-LUAD	TCGA-69-8253	TCGA-69-8253-01A	Primary Tumor
dab99eb1-fc24-483f-9d69-b03b7a0c0f41	f61e09bc-dfc7-4f9c-8f00-c089d41e82f3.methylation_array.sesame.level3betas.txt	13111050	1a76d5a8dcd8c040a9725f6d4df9e770	TCGA-LUAD	TCGA-69-8254	TCGA-69-8254-01A	Primary Tumor
fcb6a553-c08b-41ca-b486-1c932ec5f671	983e34ce-d2e9-45ea-bd9f-ff7736a2fa99.methylation_array.sesame.level3betas.txt	13094677	3c68045fc10870ed4465bdd3ca7ed28b	TCGA-LUAD	TCGA-69-8255	TCGA-69-8255-01A	Primary Tumor
7380baf3-bd03-4d38-aca3-9ae9ba761ab5	edd44cdb-1f90-4e36-afc8-1e61dc3be1a4.methylation_array.sesame.level3betas.txt	13136300	4b6183b1d857918c3958ead7ebfaa9ae	TCGA-LUAD	TCGA-69-8453	TCGA-69-8453-01A	Primary Tumor
07562cf0-2060-46b5-8de7-d50b9d7dee5c	efdcdbea-e7e2-49ad-b5b9-11ed9dd442e4.methylation_array.sesame.level3betas.txt	12637255	3fd17d2af9c84dcd96282c0593b96c85	TCGA-LUAD	TCGA-69-A59K	TCGA-69-A59K-01A	Primary Tumor
2b3686a0-76cb-4704-b290-c863de9d8b63	3ce157f3-a110-4c43-94c4-a07ebf8d8ba4.methylation_array.sesame.level3betas.txt	13185130	6d477baa3f3193a26cf953e3ba1e2406	TCGA-LUAD	TCGA-71-6725	TCGA-71-6725-01A	Primary Tumor
cae2341b-7583-4f91-b249-b65361969e36	b8aa7480-42c8-425f-8a8e-5180431b13f0.methylation_array.sesame.level3betas.txt	13049151	420e511a8c52813f8abc1c530698b39a	TCGA-LUAD	TCGA-71-8520	TCGA-71-8520-01A	Primary Tumor
c9894ac2-3a81-482e-be5e-c951a83856dc	00685208-8382-48e1-838b-fc0b7807f67f.methylation_array.sesame.level3betas.txt	13124401	75fdeefc2b87d3c4db193663af772d81	TCGA-LUAD	TCGA-73-4658	TCGA-73-4658-01A	Primary Tumor
1d3444b2-3e8a-4d5e-a4d7-2ad293dc0d11	5cce47b0-a599-402e-941d-dd0601f1da0a.methylation_array.sesame.level3betas.txt	13167973	1564a65874dc34324e711c555e2fa522	TCGA-LUAD	TCGA-73-4658	TCGA-73-4658-11A	Solid Tissue Normal
d6244acf-5bb6-4d93-8028-0cf8c7418067	30a073c7-708f-4ae6-bd4e-3b3a58067c90.methylation_array.sesame.level3betas.txt	13129603	ce470845109b5b98489c64839e046e39	TCGA-LUAD	TCGA-73-4676	TCGA-73-4676-01A	Primary Tumor
95baee25-3de1-48a6-978a-8b7b9b6df7bd	c9a2b512-b886-4919-9bdf-dfe5ad376496.methylation_array.sesame.level3betas.txt	13194630	af758feed5ceed567e4242b4b567856d	TCGA-LUAD	TCGA-73-4676	TCGA-73-4676-11A	Solid Tissue Normal
244c4877-f7a2-48f5-953b-2651e2c143c6	e10fd8a0-cb8d-4dd8-b782-e3be46fa7e5e.methylation_array.sesame.level3betas.txt	13147273	14e67ddb4b85a7086a6112490765ba33	TCGA-LUAD	TCGA-73-7498	TCGA-73-7498-01A	Primary Tumor
e9b7ce2c-36b2-4160-aa42-0946c12e7e00	75159a42-aad4-4988-a607-3e2512273232.methylation_array.sesame.level3betas.txt	13145439	e9302499ef3789381a75336a9a4de193	TCGA-LUAD	TCGA-73-7499	TCGA-73-7499-01A	Primary Tumor
6e1efae9-3cad-4af2-a73d-d5c6a03f1855	56ad4c21-0a1a-4c08-8fd8-0c1fc5a22974.methylation_array.sesame.level3betas.txt	12765319	13c173a0017b8f87e3352c652cc9c655	TCGA-LUAD	TCGA-73-A9RS	TCGA-73-A9RS-01A	Primary Tumor
aad8d860-667f-45e8-9854-bfffcb4b6c32	1ede68ab-fc23-44d2-b9f7-99d07568ae7c.methylation_array.sesame.level3betas.txt	13124748	18333c0abee0dbb14dfae2b839659717	TCGA-LUAD	TCGA-75-5122	TCGA-75-5122-01A	Primary Tumor
f9a240b4-fed6-49c8-9de5-1ccc8f2c9dc3	936ce92d-75b4-41dd-8792-06899a9ff31b.methylation_array.sesame.level3betas.txt	13128137	1b2e498912a91c278c5c1cb38b5df1f2	TCGA-LUAD	TCGA-75-5125	TCGA-75-5125-01A	Primary Tumor
99bbb50e-b650-4355-8119-e4535b3bb25e	a06e257d-014a-49db-b935-c5bf66ef4407.methylation_array.sesame.level3betas.txt	13005503	b967b1bd79cd2646bd2afbd815c2c4af	TCGA-LUAD	TCGA-75-5126	TCGA-75-5126-01A	Primary Tumor
61a227ee-8a3d-4f4b-b5a9-41e11d36d878	5ea9dff6-ff76-4d66-ac4f-6f231e77330d.methylation_array.sesame.level3betas.txt	13169548	1ce27e20d314325b2229c920517e869d	TCGA-LUAD	TCGA-75-5146	TCGA-75-5146-01A	Primary Tumor
5df2e0f0-9e18-42f5-bf61-643530af6c01	c3113131-59d9-4d87-85da-27f6c65d1b4e.methylation_array.sesame.level3betas.txt	13193330	c769b133329ada6a624121228926027a	TCGA-LUAD	TCGA-75-5147	TCGA-75-5147-01A	Primary Tumor
ad14b665-a96c-4baf-be44-b2ad86fa4386	0af0809d-209c-4b25-9fe1-4301efbbeec3.methylation_array.sesame.level3betas.txt	13042083	67c0e8037b895b0065ab73566d1dc3b9	TCGA-LUAD	TCGA-75-6203	TCGA-75-6203-01A	Primary Tumor
28d583a7-0eb8-4934-967a-7d974c02d391	060bd43d-6e1d-4009-89b3-00228dbb3270.methylation_array.sesame.level3betas.txt	13153594	32286bdf2ef24fdf434aabcb52f664ef	TCGA-LUAD	TCGA-75-6205	TCGA-75-6205-01A	Primary Tumor
3f27dd5e-fb74-416a-ad32-2fdb3e682c42	63b1d970-3bc9-426d-affb-02907c63918c.methylation_array.sesame.level3betas.txt	13139363	e952b7caf369f2b2a45773988dd424cc	TCGA-LUAD	TCGA-75-6206	TCGA-75-6206-01A	Primary Tumor
127a4a5e-64d0-464b-98b4-8f5ad8912e51	c124a015-f2ab-4eed-a4fe-6bff55f3564b.methylation_array.sesame.level3betas.txt	13151921	76169c06dd1794b28345860a1c7e1ae9	TCGA-LUAD	TCGA-75-6207	TCGA-75-6207-01A	Primary Tumor
cd29c311-08f1-4e59-a38e-ca1478a42e70	7ccd266a-2f60-4fb0-a571-f451de3270b8.methylation_array.sesame.level3betas.txt	13166071	e63252a0660d76ba7d5829af2d67a992	TCGA-LUAD	TCGA-75-6211	TCGA-75-6211-01A	Primary Tumor
6661012a-3fc1-4918-a787-76cdd8b9e35c	7f9e97e7-c154-4828-a8e5-8bb8d8e8cfc6.methylation_array.sesame.level3betas.txt	13190873	2c9d92c979d4640104e61d58998005ea	TCGA-LUAD	TCGA-75-6212	TCGA-75-6212-01A	Primary Tumor
6f012636-9128-44cb-8170-c1ff8dca5ef8	968a2afe-cd94-4f03-b6c0-39cb2ad75665.methylation_array.sesame.level3betas.txt	13175802	8de9fa7caf9b920f9533a9ee78adfbca	TCGA-LUAD	TCGA-75-6214	TCGA-75-6214-01A	Primary Tumor
a39739fa-8b9d-4dae-b73b-5ef87db09266	449bd162-2abe-4c51-aeef-cad9853851af.methylation_array.sesame.level3betas.txt	13175470	c077bcd151da41d1a18813ae45ff6ba4	TCGA-LUAD	TCGA-75-7025	TCGA-75-7025-01A	Primary Tumor
b8fd162b-f3ef-4e03-8141-6511cdbda036	41410c91-5bd0-4928-a2b6-de14ffc9b26c.methylation_array.sesame.level3betas.txt	13101846	5db12b236837aa5ae803041dd6f59af6	TCGA-LUAD	TCGA-75-7027	TCGA-75-7027-01A	Primary Tumor
fce05b8f-ce6a-4bf7-b539-2d1faf0225ab	788b7254-8f36-4270-8217-a7cd3d744267.methylation_array.sesame.level3betas.txt	13168378	ff07cdf9ec9280170ba2a2250e5cbc96	TCGA-LUAD	TCGA-75-7030	TCGA-75-7030-01A	Primary Tumor
8f9a1138-b9f9-49e5-ba2e-9afd76111fd0	11a47054-8859-4316-97f6-0075d74aed49.methylation_array.sesame.level3betas.txt	13164863	0356aaa5f392e9a3dc5c0342b949cc20	TCGA-LUAD	TCGA-75-7031	TCGA-75-7031-01A	Primary Tumor
1eae5bce-d8eb-49da-95fe-1aac1fedfdbf	211ddb5f-0698-4001-8498-744e0707f73e.methylation_array.sesame.level3betas.txt	13185214	8c6659cf9f0147b81e0a470e9acad54f	TCGA-LUAD	TCGA-78-7143	TCGA-78-7143-01A	Primary Tumor
d8c32ff7-4946-4449-89a4-ec325844ebba	86c70ad0-0fec-4bdb-b854-d3ff83f74f25.methylation_array.sesame.level3betas.txt	13084706	1adf5e505232b93f4e00eedcc95b5dd8	TCGA-LUAD	TCGA-78-7145	TCGA-78-7145-01A	Primary Tumor
d8469371-cc82-4798-b26e-26c56246f81e	8fd5810b-81f6-46d0-977d-17179c827cbd.methylation_array.sesame.level3betas.txt	13165056	a3319e33c9ecc64ce70d3bd7395820ef	TCGA-LUAD	TCGA-78-7146	TCGA-78-7146-01A	Primary Tumor
493be6d2-a5df-4e6e-ab97-60285ca9f282	fe10eb6e-6393-4b89-b390-2070f79b98a4.methylation_array.sesame.level3betas.txt	13168993	c7a6256cc72604d1ccf43ea3e248936e	TCGA-LUAD	TCGA-78-7147	TCGA-78-7147-01A	Primary Tumor
c18e914b-9fc9-4dab-8464-8f4c9a6fccf7	8b42c2f3-9a44-4260-ab57-5899de62bee7.methylation_array.sesame.level3betas.txt	13077644	ff1e89025b37b464966356f3afbff842	TCGA-LUAD	TCGA-78-7148	TCGA-78-7148-01A	Primary Tumor
4c0ce279-acf2-4336-abc3-8b4a0051f91d	41b9b0db-1693-4f9f-813c-ae6510847780.methylation_array.sesame.level3betas.txt	13182528	1778ca8558e88f1780eec473ea698a50	TCGA-LUAD	TCGA-78-7149	TCGA-78-7149-01A	Primary Tumor
922404e9-c5d8-4717-87b3-7cad1d4a4dd3	06f57d72-0c3b-49e6-8512-5ede01a6032b.methylation_array.sesame.level3betas.txt	13056133	c51901d706cf96072f8d647afe8386ae	TCGA-LUAD	TCGA-78-7150	TCGA-78-7150-01A	Primary Tumor
88718cb4-5eef-4fa2-81b7-61f5878f2e39	622b6e31-7ab2-424c-a82d-97bf600c2113.methylation_array.sesame.level3betas.txt	13187782	5308711e31aa583e9ab260495ab945b6	TCGA-LUAD	TCGA-78-7152	TCGA-78-7152-01A	Primary Tumor
c9c69a2a-5686-40b4-b54b-46db6bc8f1a4	13d96789-4ede-4921-a005-54a9fb4e5c88.methylation_array.sesame.level3betas.txt	13177758	bfb0e55cc16b95a4a0ab0c37d7947e60	TCGA-LUAD	TCGA-78-7153	TCGA-78-7153-01A	Primary Tumor
03d8a2f0-855a-4c00-93f4-f47b75aa5b15	463087b5-995c-41b2-b011-4ea6d04f58c9.methylation_array.sesame.level3betas.txt	13159838	cfefddd84a7d512ef72ccc1a4971cfa6	TCGA-LUAD	TCGA-78-7154	TCGA-78-7154-01A	Primary Tumor
0489c415-a518-4c02-b003-df29ea64d75c	97029674-21ea-4539-badb-4c9a20353e0b.methylation_array.sesame.level3betas.txt	13069549	58983daeb2345695f0d3b518f6de7306	TCGA-LUAD	TCGA-78-7155	TCGA-78-7155-01A	Primary Tumor
f47794a1-e72c-48d9-bec8-6c842507bcd6	2a2e12ce-a364-4eeb-9b21-176b87575c8f.methylation_array.sesame.level3betas.txt	13173461	567ccfdcf1fb23d9145ef194e33d9d5e	TCGA-LUAD	TCGA-78-7156	TCGA-78-7156-01A	Primary Tumor
1d192ece-a698-4b6e-be94-b26e69462dda	6604179a-e7f4-4eda-b605-2466ebb57f16.methylation_array.sesame.level3betas.txt	13197674	fa410c259aa12b43d143b2f406c38652	TCGA-LUAD	TCGA-78-7158	TCGA-78-7158-01A	Primary Tumor
a678ec77-1954-4d0b-a573-3a490ab74c66	818eb55b-57b4-4976-a32d-5fa39b3088d7.methylation_array.sesame.level3betas.txt	13171564	e5bc8c350046237e7fbfc3835de42e7c	TCGA-LUAD	TCGA-78-7159	TCGA-78-7159-01A	Primary Tumor
9a35ad14-f927-4923-988a-01e9635ca931	9fbab653-957c-4c4f-83f8-280e4f69a772.methylation_array.sesame.level3betas.txt	13198621	601f756289f413ddab94fa949a6aa10b	TCGA-LUAD	TCGA-78-7160	TCGA-78-7160-01A	Primary Tumor
eae7c88f-9207-45aa-a7e3-beda92491679	4cd68de2-6ee8-4685-9bf2-04c2d1f05197.methylation_array.sesame.level3betas.txt	13183893	6369042e081899a3b18d225918b89564	TCGA-LUAD	TCGA-78-7161	TCGA-78-7161-01A	Primary Tumor
d82d3b2f-343e-4ce5-b207-1e1642b21dfe	3d4d6726-bc9c-4a70-ae51-866baa003438.methylation_array.sesame.level3betas.txt	13190855	996e1773fe3f348497eb821462aac211	TCGA-LUAD	TCGA-78-7162	TCGA-78-7162-01A	Primary Tumor
33f60786-8e85-4e9b-9afe-760db2a62782	d0320f81-9ee3-4266-b594-fcf5e9b3c7e6.methylation_array.sesame.level3betas.txt	13186661	32f6a16907cf29c91648ba7418ff0069	TCGA-LUAD	TCGA-78-7163	TCGA-78-7163-01A	Primary Tumor
7de2abc1-9ab7-4eaa-addc-ad6bda0aaa6a	68bc3bc5-7d7e-416b-b082-2220a3c21ce1.methylation_array.sesame.level3betas.txt	13181076	4c89aa805b5e63b749214cc54f715d3e	TCGA-LUAD	TCGA-78-7166	TCGA-78-7166-01A	Primary Tumor
9ef4248b-ee43-4dab-a27b-14443bb7294b	f19c62c0-fb42-4198-8ef8-4c00cafa3311.methylation_array.sesame.level3betas.txt	13186915	8861a0abe317bddb64519a1d4a8113e8	TCGA-LUAD	TCGA-78-7167	TCGA-78-7167-01A	Primary Tumor
cf096460-61b3-4278-a04d-b63624078247	396967fd-32e1-4173-a977-4d8ed7e21bec.methylation_array.sesame.level3betas.txt	13199067	0ec77043c570c3fba831c86635aa1327	TCGA-LUAD	TCGA-78-7220	TCGA-78-7220-01A	Primary Tumor
22c71ffb-80ca-4fba-9ddf-00ff38e52192	987a3b26-c62a-4fad-a916-4634032d2a52.methylation_array.sesame.level3betas.txt	13161106	29e5516c3a06622f49ef96bebe377ab1	TCGA-LUAD	TCGA-78-7535	TCGA-78-7535-01A	Primary Tumor
bb71c8cf-9947-4e36-a6c2-0d5a1977f310	9ffe0b80-a7e2-452a-a63b-6e5941901bfb.methylation_array.sesame.level3betas.txt	13189520	ad811ac8f0a4387fce5be51483f5b2df	TCGA-LUAD	TCGA-78-7536	TCGA-78-7536-01A	Primary Tumor
86d8e93e-666f-46b6-bc05-dee4c1825656	1b415ef1-d3f0-409d-b50e-8cf96ee1ca74.methylation_array.sesame.level3betas.txt	13188568	c96dace050f9b7d388761bca2e09bc58	TCGA-LUAD	TCGA-78-7537	TCGA-78-7537-01A	Primary Tumor
a3872e61-35e3-4b1a-8ca1-07484b825cee	fd0ef162-8205-4c3e-b2b4-15a8d4c0b426.methylation_array.sesame.level3betas.txt	13138561	3099d0966f6ca6c43f001c94e12f585a	TCGA-LUAD	TCGA-78-7539	TCGA-78-7539-01A	Primary Tumor
d21bad03-0dda-4be6-a6f6-ec1491b8537d	5eb2926d-49e4-4f74-95f0-43124bf0cd6a.methylation_array.sesame.level3betas.txt	13164474	37e36db02ef99f0e56c7faaaada5fe32	TCGA-LUAD	TCGA-78-7540	TCGA-78-7540-01A	Primary Tumor
3dd139c0-d70b-4c43-a32c-aab9ad884722	90681fc8-34b7-4848-8abf-92bde66ba918.methylation_array.sesame.level3betas.txt	13176596	abdb1d9d439489e7858bc3d3525e88bc	TCGA-LUAD	TCGA-78-7542	TCGA-78-7542-01A	Primary Tumor
ae798e98-44e4-4a6e-b2f1-e00577248a19	b57a26a8-6fa2-4559-9c21-c2964c569708.methylation_array.sesame.level3betas.txt	13179191	e0f76df01e27727fef3bb51f5f5240a7	TCGA-LUAD	TCGA-78-7633	TCGA-78-7633-01A	Primary Tumor
ed21d591-7308-47db-8358-879c990a1945	25eeab89-90e2-4079-851b-3865cceb334c.methylation_array.sesame.level3betas.txt	13173443	b29d8d798c235631ea4ee5b19153c07e	TCGA-LUAD	TCGA-78-8640	TCGA-78-8640-01A	Primary Tumor
9c0c1371-ad61-42e4-9e56-681df2348358	ff1477da-bf27-43b9-b99b-2318d90bf151.methylation_array.sesame.level3betas.txt	13016275	972f5f71c1c5a9f60f6960934d0fcc4f	TCGA-LUAD	TCGA-78-8648	TCGA-78-8648-01A	Primary Tumor
b6f0730b-81b8-462d-845a-5d72773bb00c	abc05009-30c5-46b4-8832-46f7c1757bff.methylation_array.sesame.level3betas.txt	13158813	73106d3a9a9a779990d63acb8814a903	TCGA-LUAD	TCGA-78-8655	TCGA-78-8655-01A	Primary Tumor
dc915100-792e-494d-a411-a7e7bc366716	41d09619-10a4-4c74-b238-ddcd9a901134.methylation_array.sesame.level3betas.txt	13134271	b0fa7c5ea2858e40b081001070396c3a	TCGA-LUAD	TCGA-78-8660	TCGA-78-8660-01A	Primary Tumor
ca5e639a-e947-48ae-b218-7b15764e4090	536bfc51-f447-485f-9db6-4ff56fe8951f.methylation_array.sesame.level3betas.txt	13144477	8ec934572049b2cfa09281d0651c61c1	TCGA-LUAD	TCGA-78-8662	TCGA-78-8662-01A	Primary Tumor
534d932e-759e-4b65-b455-5e84620ec466	32421e51-c0c5-44b1-a625-2df49c7564b3.methylation_array.sesame.level3betas.txt	13158431	143902cd4785544848ce26a48825de6a	TCGA-LUAD	TCGA-80-5607	TCGA-80-5607-01A	Primary Tumor
ecbf742d-6cd2-48fa-bd0d-e90f2fd2a390	9d6edfdd-74f5-4dde-be20-32ea00562f9b.methylation_array.sesame.level3betas.txt	13185025	0b2e776018ec478afc909a158bc582ae	TCGA-LUAD	TCGA-80-5608	TCGA-80-5608-01A	Primary Tumor
33bc12b9-6dc5-4f1c-9bf4-6cdf36234f26	7a1590a8-ddc7-4aac-802f-f8b871204341.methylation_array.sesame.level3betas.txt	13186653	8f24babee56abc462a81924c04febccc	TCGA-LUAD	TCGA-80-5611	TCGA-80-5611-01A	Primary Tumor
8c2d85b1-9998-4a5f-bbe3-d8770d5f2e79	24e795a7-480e-4fb6-a1ef-43e3e66b90ff.methylation_array.sesame.level3betas.txt	13144224	9a9d6dd81ef089b977ab8438085e3b95	TCGA-LUAD	TCGA-83-5908	TCGA-83-5908-01A	Primary Tumor
9d373511-ba64-4109-b9af-e60f925204ff	d16dfb3b-8200-4d56-98c1-f51dc533680c.methylation_array.sesame.level3betas.txt	13059476	4b880653b95cbafce10f8063cbffdf3f	TCGA-LUAD	TCGA-86-6562	TCGA-86-6562-01A	Primary Tumor
339bd730-57ec-494f-b219-745cdc8d86d2	0efc7c98-28eb-46d2-8aa5-2e3ff5d04d09.methylation_array.sesame.level3betas.txt	13164022	d7ff6a078a2ca0e8298eb09f8729bbdd	TCGA-LUAD	TCGA-86-6851	TCGA-86-6851-01A	Primary Tumor
4fdaf757-5edf-4681-864f-00638b1e7a87	821025f9-63e5-4932-9fc4-3d39921f2e2f.methylation_array.sesame.level3betas.txt	13073879	00442079c3925566f9f34d6ca65aafec	TCGA-LUAD	TCGA-86-7701	TCGA-86-7701-01A	Primary Tumor
681ccf8e-e513-417b-bae2-71ab09067237	7d3ff74f-3a5b-4eb5-be90-ea2418722944.methylation_array.sesame.level3betas.txt	13178376	65feae24c61aa28f809c0b068d567a64	TCGA-LUAD	TCGA-86-7711	TCGA-86-7711-01A	Primary Tumor
c7264ff7-7b32-4430-ab2e-201a5fb8b691	be75986f-4acd-4e56-8bd3-c6fc1829fe64.methylation_array.sesame.level3betas.txt	13145092	bef15b4ebd7a7255e203923c1ad10654	TCGA-LUAD	TCGA-86-7713	TCGA-86-7713-01A	Primary Tumor
93e54ee6-ba44-49a2-8f96-092d149cdca2	50f26ba1-db32-4437-89fd-7aa5b3e6512a.methylation_array.sesame.level3betas.txt	13105407	8f10072c32f4639653ea4dae0ebc44e4	TCGA-LUAD	TCGA-86-7714	TCGA-86-7714-01A	Primary Tumor
57f95896-e3a3-4458-83ab-9ff52dcb5dc5	32090a9d-c47d-4115-82ca-a72be68a2411.methylation_array.sesame.level3betas.txt	13150950	b049703248fad9f56d10f2bc4afb08cd	TCGA-LUAD	TCGA-86-7953	TCGA-86-7953-01A	Primary Tumor
379f9212-aa2f-426c-b4e5-a4545746cffc	53634580-0c4d-4560-9fce-2edf5c586bfa.methylation_array.sesame.level3betas.txt	13143399	251d86c52e27b9995e27af3166287dae	TCGA-LUAD	TCGA-86-7954	TCGA-86-7954-01A	Primary Tumor
60fe2275-e2a2-476d-b5ad-71250de10f53	e3b0c13f-fd38-4cd5-83c8-a93e021f4290.methylation_array.sesame.level3betas.txt	13012364	e3d136fcb38666434cdb96ff4c9d8775	TCGA-LUAD	TCGA-86-7955	TCGA-86-7955-01A	Primary Tumor
b2496625-f7e1-40df-aff1-a78105c25ebe	aa6466a7-cbcc-4a8e-8cc6-f2ec2f9c61a2.methylation_array.sesame.level3betas.txt	13186492	03195f5f1579c9eaf3131178e56973c3	TCGA-LUAD	TCGA-86-8054	TCGA-86-8054-01A	Primary Tumor
69a75aac-a1f6-4528-97d4-4952187a7f29	bdf0290e-e405-4831-9c32-c3018d34c8b9.methylation_array.sesame.level3betas.txt	13184505	23dcdd5b0b695de748a7daeb6dcfe292	TCGA-LUAD	TCGA-86-8055	TCGA-86-8055-01A	Primary Tumor
53e50960-fadd-4efe-a663-3fe811d2d9dc	0080cb9c-8ac2-49e4-9e20-c2dcb91b8385.methylation_array.sesame.level3betas.txt	12973728	76072a9e3fe9d52ec6196ea1c21543cc	TCGA-LUAD	TCGA-86-8056	TCGA-86-8056-01A	Primary Tumor
6dbef5cb-6bc8-4aba-a205-4fd1cc71d458	eff97c7d-79b4-45b0-b9f2-1bee7ba85034.methylation_array.sesame.level3betas.txt	13170615	a3556dd85849b7e6ee69ff42e8edd7f8	TCGA-LUAD	TCGA-86-8073	TCGA-86-8073-01A	Primary Tumor
58c52804-9a14-4747-b31f-7b0fbee5a231	8c41a875-9cda-4991-89ec-659986362564.methylation_array.sesame.level3betas.txt	13178533	2fef105baffff2ad9a998e21981adb7d	TCGA-LUAD	TCGA-86-8074	TCGA-86-8074-01A	Primary Tumor
cd7afb88-2c22-4209-be1c-55e65fdc7b74	b9c6cea9-d006-47f4-87b8-f6c46422e917.methylation_array.sesame.level3betas.txt	13153632	f4d9e3a3056d4876a481239566a5dcf6	TCGA-LUAD	TCGA-86-8075	TCGA-86-8075-01A	Primary Tumor
54a66b64-7a0f-4a5f-93f8-a4d34c952fad	f2e79be4-ff8f-47e8-969f-c29d401cd34a.methylation_array.sesame.level3betas.txt	13075037	02626ca6b3aa859afbeefd8d93afba4f	TCGA-LUAD	TCGA-86-8076	TCGA-86-8076-01A	Primary Tumor
1198cff7-3fb9-43ba-ace1-11ede3ef5816	1fc57c52-b7bd-4fec-b974-7cc75086d861.methylation_array.sesame.level3betas.txt	13124094	a9ac8bbc5108700f40d6629f8a486f9e	TCGA-LUAD	TCGA-86-8278	TCGA-86-8278-01A	Primary Tumor
956771eb-bb33-4c40-9656-7f80183329cc	32103b79-adf4-43dc-ab3f-e0fc40f3fcbe.methylation_array.sesame.level3betas.txt	13086505	2ba5b3163cc03607aeb62b0a887c8519	TCGA-LUAD	TCGA-86-8279	TCGA-86-8279-01A	Primary Tumor
f4ccc723-1b32-4f4f-bf70-a9f904ceb2cf	476a1537-f579-4d5a-b230-6124714c112d.methylation_array.sesame.level3betas.txt	13142499	8d69152dcc86730bb03f65589aea2753	TCGA-LUAD	TCGA-86-8280	TCGA-86-8280-01A	Primary Tumor
65370464-f75f-404a-ade2-6b707d7f6590	30f0992c-a6a4-449b-948f-7a8d5b41d4f6.methylation_array.sesame.level3betas.txt	12936107	145ab72826c17290f145616fc579deb4	TCGA-LUAD	TCGA-86-8281	TCGA-86-8281-01A	Primary Tumor
9c5d808a-ed99-46f6-8ef8-e71416e86eb3	65f87bd8-f813-44f8-8075-a714af5deecd.methylation_array.sesame.level3betas.txt	13147495	5cd65892514167db342e42f3f5f5cddd	TCGA-LUAD	TCGA-86-8358	TCGA-86-8358-01A	Primary Tumor
4115d797-5cc4-4dd2-8195-fb206d1e6113	b6485677-717f-4969-90bd-efb484003c94.methylation_array.sesame.level3betas.txt	13121572	936bb7d9c21a0dac0b63c16a6863c23c	TCGA-LUAD	TCGA-86-8359	TCGA-86-8359-01A	Primary Tumor
9937f5b6-d1e6-4440-997b-2b0ff8324504	9fa9be9b-52b9-4ecd-9ecc-e7b2dd6a8c70.methylation_array.sesame.level3betas.txt	13176369	c43bee9602e72e5a2e8a41c25ad58f19	TCGA-LUAD	TCGA-86-8585	TCGA-86-8585-01A	Primary Tumor
8249d65e-344c-45f5-bf75-32941fbd9ad5	4e7ac270-9388-473a-9ed7-8445455d59b4.methylation_array.sesame.level3betas.txt	13151192	f81a7e1e6c188fbb6cfab36138ee0114	TCGA-LUAD	TCGA-86-8668	TCGA-86-8668-01A	Primary Tumor
881a8455-eb48-4271-9713-19fffb890f06	f11bac58-7e98-4905-8cb3-47af3a7120d1.methylation_array.sesame.level3betas.txt	13145261	20fc7f630302225dee5106097402b120	TCGA-LUAD	TCGA-86-8669	TCGA-86-8669-01A	Primary Tumor
bc58aa54-0ea1-486e-b7f1-419003c5a06e	bcf2985f-0b02-447d-8b8b-34eba443ccfa.methylation_array.sesame.level3betas.txt	13155469	dfce1cdfbaa7b7fd14849ff1f9cc583b	TCGA-LUAD	TCGA-86-8671	TCGA-86-8671-01A	Primary Tumor
6a8ff129-e259-4f5a-b255-74650ef03c86	88e84cf0-19b4-45dc-b31f-d0350918a6ca.methylation_array.sesame.level3betas.txt	13074035	ea30e4a878ea271980e9eac8beaf45a3	TCGA-LUAD	TCGA-86-8672	TCGA-86-8672-01A	Primary Tumor
4acdc34b-8caa-44f9-bb55-c55942c6d930	ad29629a-c58f-4520-b2f1-bbc86c19148a.methylation_array.sesame.level3betas.txt	13182905	6f8482cb2dabf5a61ceb74bb5aba3012	TCGA-LUAD	TCGA-86-8673	TCGA-86-8673-01A	Primary Tumor
7433085a-d10e-4597-a999-cc6d800509bd	e5419571-0fe0-4358-b803-3fd83e5d653b.methylation_array.sesame.level3betas.txt	13174871	cab9366667360d607fbfe832b1ad6b68	TCGA-LUAD	TCGA-86-8674	TCGA-86-8674-01A	Primary Tumor
3623efd9-1a4e-4f6a-8935-05f0e6113acf	d3e6cf29-4e10-494b-b60d-5ab42e7b8609.methylation_array.sesame.level3betas.txt	13152950	45ea774ea8935b7b2e969822cbeeb806	TCGA-LUAD	TCGA-86-A456	TCGA-86-A456-01A	Primary Tumor
68acb010-b09e-4340-bc84-2cdc7d6057f0	8a4fc09f-ebfa-400a-8ab7-9472ecedbb95.methylation_array.sesame.level3betas.txt	13166304	69a2f76e4404fb77290c27692c673686	TCGA-LUAD	TCGA-86-A4D0	TCGA-86-A4D0-01A	Primary Tumor
acfb9be6-8f22-450f-810f-2142ffe9f6b4	60e3ce65-0ad7-4d3f-bdb0-47fdc5025c09.methylation_array.sesame.level3betas.txt	13125137	118a4e72d7ebf0122aa4ec0d328f70bc	TCGA-LUAD	TCGA-86-A4JF	TCGA-86-A4JF-01A	Primary Tumor
3b3fedd0-ee22-4a97-870c-232fdf31d573	f84976b9-e824-43f7-8e41-1d79195cc0f4.methylation_array.sesame.level3betas.txt	13172301	f6f98be56022c1a986d97904ee9bc7b8	TCGA-LUAD	TCGA-86-A4P7	TCGA-86-A4P7-01A	Primary Tumor
f5f24383-6adf-4004-b98f-a01586e0c417	ba328702-ec3d-4d17-b4eb-034673eb9bd3.methylation_array.sesame.level3betas.txt	13183662	29ebf18c4e1504fa04c095f08453307e	TCGA-LUAD	TCGA-86-A4P8	TCGA-86-A4P8-01A	Primary Tumor
98300181-1363-4b84-8215-96f986606a52	b27ad486-ea8a-49fb-9131-576fc6a09f0d.methylation_array.sesame.level3betas.txt	13192769	4f2dde863f6f8d1ef0bf6b1a51f8adbc	TCGA-LUAD	TCGA-91-6828	TCGA-91-6828-01A	Primary Tumor
bd992f6e-cdc4-48d6-a861-46609ce92ff9	0ead614d-50fb-4df2-95fb-37c106da5833.methylation_array.sesame.level3betas.txt	13200686	9bc63984533853c3185d96d4d1e21276	TCGA-LUAD	TCGA-91-6829	TCGA-91-6829-01A	Primary Tumor
cb1f3843-e3b8-4abe-b8ab-b12ac41a7c5e	e65c643c-6eb4-417c-9bc1-cf3133b67ebe.methylation_array.sesame.level3betas.txt	13161023	e6e60eabde4d5edad992177aaa92bb45	TCGA-LUAD	TCGA-91-6830	TCGA-91-6830-01A	Primary Tumor
a30a4fc4-df09-4b5f-87f0-6a155f751359	5454d044-11f0-4fc8-9571-c6ea75327192.methylation_array.sesame.level3betas.txt	13197852	f7639fd184a578a29078ae7346f2ebe5	TCGA-LUAD	TCGA-91-6831	TCGA-91-6831-01A	Primary Tumor
c159bded-3212-44c3-bdb5-3027c865edc7	09aec774-ecf2-419b-971a-7b82a7bcc228.methylation_array.sesame.level3betas.txt	13183580	d17a808b177815f227dc939ff2159bbe	TCGA-LUAD	TCGA-91-6835	TCGA-91-6835-01A	Primary Tumor
9e2e96e4-8583-4bd7-8071-9ab9011bd3c3	33a57ad0-8d3b-43e6-9b67-ca0a1df7da85.methylation_array.sesame.level3betas.txt	13189125	7dc239fdeebb9a3f881a6ed51cab9ffe	TCGA-LUAD	TCGA-91-6836	TCGA-91-6836-01A	Primary Tumor
533af58d-4219-4946-93db-dc8cb0529524	6aac8098-3a0c-41e1-9581-ef184fec875e.methylation_array.sesame.level3betas.txt	13159364	620ce48045c73cf84e24cda0ea863be4	TCGA-LUAD	TCGA-91-6840	TCGA-91-6840-01A	Primary Tumor
982615c8-e021-4a72-ac3b-4915cc3701e6	9b2810ac-ecd7-475a-a6d4-6994a501a388.methylation_array.sesame.level3betas.txt	13144595	d261e8f8642248d6014b1d4625c12f0f	TCGA-LUAD	TCGA-91-6847	TCGA-91-6847-01A	Primary Tumor
cbaa1a87-5373-4fa0-b2b5-d14bf3a93046	bf6ffed2-bc16-404e-be91-2158ccdcdc20.methylation_array.sesame.level3betas.txt	13177481	701e5882f025afac1c0eaa846416ea68	TCGA-LUAD	TCGA-91-6848	TCGA-91-6848-01A	Primary Tumor
c456435e-5288-4500-ac58-4b0d77d2e3d9	b5308f46-85c9-4d8b-be53-aafa0fcf80a1.methylation_array.sesame.level3betas.txt	13171015	36ca4af7ac176c6cb424886ba8ac3a68	TCGA-LUAD	TCGA-91-6849	TCGA-91-6849-01A	Primary Tumor
c4514307-91f1-46d8-9b5a-871e68532a86	bd22efc4-c3a7-44cb-ab2d-b536e4f6b70e.methylation_array.sesame.level3betas.txt	13056365	f64e23d5b9dd57f7fd3d776d97e83797	TCGA-LUAD	TCGA-91-7771	TCGA-91-7771-01A	Primary Tumor
d8a68991-428b-4642-ac86-de59942d7a3d	583056b5-2740-4818-a407-ddb601069005.methylation_array.sesame.level3betas.txt	13128306	f746f117449eea0f215b83fecc4b6d47	TCGA-LUAD	TCGA-91-8496	TCGA-91-8496-01A	Primary Tumor
d4be60da-1a8e-4bf7-b104-8129cd36722e	aaa133a2-fa28-4ac3-af6a-85c2e342344f.methylation_array.sesame.level3betas.txt	13136673	a0725a9c755d260d1fbcc31a4824c61e	TCGA-LUAD	TCGA-91-8497	TCGA-91-8497-01A	Primary Tumor
26fe9119-2dd8-43d6-878d-90a6a99c8295	67ae52b9-292d-4ac7-afa7-b93fb5cc97a8.methylation_array.sesame.level3betas.txt	13152765	8d15cb5bcf88e4a8cdc96a6d62a2a51a	TCGA-LUAD	TCGA-91-8499	TCGA-91-8499-01A	Primary Tumor
12223162-3567-43ab-9d84-639b4af1b385	0bb7c33d-924e-42e6-a7e5-56f5b443785b.methylation_array.sesame.level3betas.txt	13187812	409c179d8f8fff7347f7158139033d39	TCGA-LUAD	TCGA-91-A4BC	TCGA-91-A4BC-01A	Primary Tumor
a09759bf-5949-449b-a192-ddbb3d755e51	558ca02b-1429-41a9-9c8b-86e072bf86ed.methylation_array.sesame.level3betas.txt	13191786	32a5181d63ad04a3431b1679039136c5	TCGA-LUAD	TCGA-91-A4BD	TCGA-91-A4BD-01A	Primary Tumor
4a93ba1d-b4b2-4ea6-bf55-378e511d700a	af6f4c6e-aefe-4a78-868c-53e83e4796a5.methylation_array.sesame.level3betas.txt	13128595	f98da5085ca60fdc968e264e98b373fb	TCGA-LUAD	TCGA-93-7347	TCGA-93-7347-01A	Primary Tumor
95765841-e606-4094-816f-59abeccad497	aecf84a6-2446-48bd-8ab0-ab5b787f9acf.methylation_array.sesame.level3betas.txt	13198454	96ea38486d80f26ebb8251be04293fb2	TCGA-LUAD	TCGA-93-7348	TCGA-93-7348-01A	Primary Tumor
96d8602a-4c5a-466b-8dd4-ddc2ed9ef8f1	00291abb-0e5d-4deb-9246-ad0fea045aa6.methylation_array.sesame.level3betas.txt	13077963	3be0897539f3a7f97bbd0a4a55edf60e	TCGA-LUAD	TCGA-93-8067	TCGA-93-8067-01A	Primary Tumor
99204ca7-9dd0-4422-951e-19da468967e1	a06c8019-c063-450b-92f3-4f39568361e4.methylation_array.sesame.level3betas.txt	13197148	ad5c63d352cb38d3dc75655e35970c84	TCGA-LUAD	TCGA-93-A4JN	TCGA-93-A4JN-01A	Primary Tumor
ecc92694-bba1-4027-82d4-990c60ca4143	b6918638-d225-4fe3-abd6-051d253a4f5a.methylation_array.sesame.level3betas.txt	13180519	a20198dd9de71321ffcdf896f210f4cc	TCGA-LUAD	TCGA-93-A4JO	TCGA-93-A4JO-01A	Primary Tumor
cfa0bdf2-1f05-454a-99ee-f928faa74ec9	ccabb2aa-6579-44b7-88ea-de029bd025ed.methylation_array.sesame.level3betas.txt	13148218	513fa90569775480797b668d402b0aec	TCGA-LUAD	TCGA-93-A4JP	TCGA-93-A4JP-01A	Primary Tumor
37484626-fb78-408b-92f4-2b7b3f77c76b	92b14a19-f970-432d-ba52-0c3767434df2.methylation_array.sesame.level3betas.txt	13171469	976ade0258f057a24bb0d2970af692cb	TCGA-LUAD	TCGA-93-A4JQ	TCGA-93-A4JQ-01A	Primary Tumor
5c6fc3b8-94f8-4a2b-af54-79c56c2ce38a	7d0d1e37-a610-4e77-9d6b-79ca0f72cf9a.methylation_array.sesame.level3betas.txt	13138265	85c44fafd715f90d17e77d8140f948ba	TCGA-LUAD	TCGA-95-7039	TCGA-95-7039-01A	Primary Tumor
3e3c799b-a3c4-4e6f-802a-5504d3312ef2	a472e1c8-4a94-4b20-a3ca-8bdfd29cdec5.methylation_array.sesame.level3betas.txt	13149558	fe4a23f00092aa36f66ae59ef35689ff	TCGA-LUAD	TCGA-95-7043	TCGA-95-7043-01A	Primary Tumor
b5dbc765-9f95-45c3-ac37-cc99ffffba56	5b8ea26b-d10a-4d1a-9fcb-0ca7da81da46.methylation_array.sesame.level3betas.txt	13145658	c04d96065fdc9f107d806d5b58217e69	TCGA-LUAD	TCGA-95-7562	TCGA-95-7562-01A	Primary Tumor
4ddcf508-e0b9-4769-934f-a07dc8825f4a	8779e3b7-007f-4f1b-a7b2-a5b10c83da78.methylation_array.sesame.level3betas.txt	13158536	11c79322bc729a6ad41c8b5df13b737d	TCGA-LUAD	TCGA-95-7567	TCGA-95-7567-01A	Primary Tumor
72a886a7-8936-4fa0-bd21-4e90ca212d38	b69fdbe4-a747-45f2-8890-192520e33356.methylation_array.sesame.level3betas.txt	13137583	09bdced5fe8a216392afb0f5bf325489	TCGA-LUAD	TCGA-95-7944	TCGA-95-7944-01A	Primary Tumor
cd1fa5b0-0507-4963-b654-54b375f0e481	1fa56eb6-f457-40a9-bc78-8b5e0e6e33c4.methylation_array.sesame.level3betas.txt	13093963	8a940927a1ca7c1bcaf99e06d1d168b1	TCGA-LUAD	TCGA-95-7947	TCGA-95-7947-01A	Primary Tumor
23262c50-eb20-4a21-8342-de9ed0ed2a95	aacbb9f4-a294-41e6-85fb-f1621c0846af.methylation_array.sesame.level3betas.txt	13132154	78b77ef87529506947f1dbdca6c8be98	TCGA-LUAD	TCGA-95-7948	TCGA-95-7948-01A	Primary Tumor
c8292a98-f777-465f-8642-87d72d54a351	1307e72c-85ae-473f-81f8-6a8e0d5baeb9.methylation_array.sesame.level3betas.txt	13147518	3d62e3d59ca7f7c40d39ae6fb47c0c1f	TCGA-LUAD	TCGA-95-8039	TCGA-95-8039-01A	Primary Tumor
7ecc8719-4027-4f72-af05-21d197940d47	233b6bf8-f204-44d8-b1bf-23bef6bd6f1b.methylation_array.sesame.level3betas.txt	13013280	31af1d75c1861b92a340d3990e1487f2	TCGA-LUAD	TCGA-95-8494	TCGA-95-8494-01A	Primary Tumor
0d14723e-940c-4cce-b4ee-88d56dc33df6	6c3fe47a-8ef7-4e71-92ab-803ad0ec1e5e.methylation_array.sesame.level3betas.txt	13089836	c43597da71b293dfcc583e4d775ee850	TCGA-LUAD	TCGA-95-A4VK	TCGA-95-A4VK-01A	Primary Tumor
7e7e2fcf-b934-4665-84f3-d5ac0175e7ad	99d6d19a-2584-421b-8337-3f1e4a9eed52.methylation_array.sesame.level3betas.txt	12914580	9e1aa3e6561cbda0424069a9b7fc9817	TCGA-LUAD	TCGA-95-A4VN	TCGA-95-A4VN-01A	Primary Tumor
3d275f89-9d70-454b-8219-01c908e16956	7b13dfaf-40ce-4ec4-9da5-179a766a800b.methylation_array.sesame.level3betas.txt	13041937	b235d2d53816a141e0d68c17b4c189ed	TCGA-LUAD	TCGA-95-A4VP	TCGA-95-A4VP-01A	Primary Tumor
09308bf5-c28e-409c-b35b-08947d469c2f	e3e963f8-8581-4bcc-9cc4-818b7b775418.methylation_array.sesame.level3betas.txt	13175113	c32e233ab70696e8bae68b773cb36a2d	TCGA-LUAD	TCGA-97-7546	TCGA-97-7546-01A	Primary Tumor
f4a60f3f-1b46-40c9-b6b4-ead20af81877	a3457a29-bd01-4064-ae08-b857797236ea.methylation_array.sesame.level3betas.txt	13178795	afc7b86e7f9e9895aa02f83dab062d36	TCGA-LUAD	TCGA-97-7547	TCGA-97-7547-01A	Primary Tumor
08903226-0250-44d7-a171-957fd7a84dd3	eceddb0e-9695-4e07-93ac-5c38427db790.methylation_array.sesame.level3betas.txt	13161016	6f63e00cf7f81d36b33d3f4a7c40320f	TCGA-LUAD	TCGA-97-7552	TCGA-97-7552-01A	Primary Tumor
2389690f-a6b7-4cf5-a0ea-b4ee86359e65	a4144e04-d452-4f59-992f-b5aae0f33ca1.methylation_array.sesame.level3betas.txt	13197907	66eb46957281a2943e8b06ec3ec7f1bf	TCGA-LUAD	TCGA-97-7553	TCGA-97-7553-01A	Primary Tumor
5a416ece-fee1-4efd-9338-7bbb0941dfac	5ac39c18-b055-4a03-a3ac-26cae4e62fe0.methylation_array.sesame.level3betas.txt	13116447	b328d93cb2da9abce1ca6bc5cc109136	TCGA-LUAD	TCGA-97-7554	TCGA-97-7554-01A	Primary Tumor
3a460e93-e959-4674-95f9-be947b10a292	bf9a2e4c-ad86-4ff7-bd6a-9794a03f8eae.methylation_array.sesame.level3betas.txt	13113907	f39aa94c69c9422a51a4f9e2952a8493	TCGA-LUAD	TCGA-97-7937	TCGA-97-7937-01A	Primary Tumor
810f178d-e6bf-4e04-86b6-92c218e9a7c6	19bcd2a6-109d-43eb-b321-e939a7e90860.methylation_array.sesame.level3betas.txt	12953475	a16ff2d0e2fce77804f3426ef535c164	TCGA-LUAD	TCGA-97-7938	TCGA-97-7938-01A	Primary Tumor
dbab6ccd-3b26-4b5a-bf11-f381f1091316	3e16b156-1909-4236-832d-aeb3470dee9d.methylation_array.sesame.level3betas.txt	13135922	a50dd09f475c96b53e2e065fd5b50027	TCGA-LUAD	TCGA-97-7941	TCGA-97-7941-01A	Primary Tumor
29b265aa-8ee3-4a9f-87bb-44c00ecbcd9a	8a99d76b-19f2-43c8-bf27-159b3e33672a.methylation_array.sesame.level3betas.txt	13159888	cf4e469f894dc87a515a75fda42ae0cf	TCGA-LUAD	TCGA-97-8171	TCGA-97-8171-01A	Primary Tumor
e146cd56-0abf-47a4-85fa-3d9aaf6291a3	71254763-5a5c-4b57-bfb1-ed7f9bc0f496.methylation_array.sesame.level3betas.txt	13104071	bc6490fe870af6e6129c41c389958fb5	TCGA-LUAD	TCGA-97-8172	TCGA-97-8172-01A	Primary Tumor
3abc3c95-5d8a-4aab-88f8-31e3ce20d95b	e286153e-49f4-4ab9-8b2c-65117189ff21.methylation_array.sesame.level3betas.txt	13099026	1cafcad09458480cbf05a289cac5cf3f	TCGA-LUAD	TCGA-97-8174	TCGA-97-8174-01A	Primary Tumor
47d21694-875f-451f-a9e9-dad1da4bebb7	fd5fbcb4-dd9f-45ad-9e65-e7b4e1064563.methylation_array.sesame.level3betas.txt	13101801	2892e441559cca48026edefe30164889	TCGA-LUAD	TCGA-97-8175	TCGA-97-8175-01A	Primary Tumor
c364942b-3b35-462b-aa00-4e168f6148fd	60e60da6-b554-40c5-b063-fb8668d0d8b1.methylation_array.sesame.level3betas.txt	13164218	0fa5611ed38d8574376c3471c605fc8e	TCGA-LUAD	TCGA-97-8176	TCGA-97-8176-01A	Primary Tumor
ecbf9c01-e26d-4110-91f3-9a13684b1bfc	8c15c3b6-f073-4d82-b3f6-7059af72a034.methylation_array.sesame.level3betas.txt	13172293	f35fee8db72bc163fa01ac175014c4f9	TCGA-LUAD	TCGA-97-8177	TCGA-97-8177-01A	Primary Tumor
1c6bdb3f-adcd-4745-b696-002cf66a99a2	d169b349-f5a8-45ae-a716-b48d2dad126b.methylation_array.sesame.level3betas.txt	13103999	9e4e92702a1b20d4ab9bdb106aece88e	TCGA-LUAD	TCGA-97-8179	TCGA-97-8179-01A	Primary Tumor
7a1fa339-b02d-4d91-89e8-a869f08d61d8	03f87100-cefa-403f-bcea-63de1b1e8c2b.methylation_array.sesame.level3betas.txt	13173471	43cd276e4d470f95f7f20bb07d576e43	TCGA-LUAD	TCGA-97-8547	TCGA-97-8547-01A	Primary Tumor
3ce0d68a-626f-47f7-8ec6-e9ba97a70a7b	326da79d-0e4a-4103-9dc4-1baa048cd11b.methylation_array.sesame.level3betas.txt	13163602	59cb58544658c3e1d275cf8c95c5b95e	TCGA-LUAD	TCGA-97-8552	TCGA-97-8552-01A	Primary Tumor
50794856-6714-4467-b748-8d0ea49c9af6	07a7ade9-57f9-4d3c-a8e7-3adab4a415cb.methylation_array.sesame.level3betas.txt	13187082	8047ab97cdfee71c971b4c00e824d370	TCGA-LUAD	TCGA-97-A4LX	TCGA-97-A4LX-01A	Primary Tumor
beb8ac01-a780-4ebc-8521-73c9b69d0d51	608d570a-0d50-4fc0-a2f4-4554d8df533c.methylation_array.sesame.level3betas.txt	13184359	3ebbf1a331b678edfeea2ea13b81f69b	TCGA-LUAD	TCGA-97-A4M0	TCGA-97-A4M0-01A	Primary Tumor
aaed597b-1f13-4495-ad64-d01510fe556e	391de967-1fed-4b09-991f-313675e9e153.methylation_array.sesame.level3betas.txt	13194702	987cfa3eb706f2a94a285ab5e3d0afbd	TCGA-LUAD	TCGA-97-A4M1	TCGA-97-A4M1-01A	Primary Tumor
4aca6287-3ce8-42a6-b36a-d0da847c871a	843cee5d-e358-4e25-84bb-8a2e40bbbcbe.methylation_array.sesame.level3betas.txt	13162399	f762515b9fd4769697ed63344db0cab9	TCGA-LUAD	TCGA-97-A4M2	TCGA-97-A4M2-01A	Primary Tumor
86299ed8-b829-4818-b63b-eb8f7b5ce9c6	6c93529c-fde4-45d3-b6dd-19877cd5b47b.methylation_array.sesame.level3betas.txt	13181150	74d00f0c7f84508823fcc3d830869e0f	TCGA-LUAD	TCGA-97-A4M3	TCGA-97-A4M3-01A	Primary Tumor
6e128395-b765-4238-8bee-8d0b0d9a9888	e0e0e41d-ffaf-42e8-80f3-36c68ddd28a1.methylation_array.sesame.level3betas.txt	13158754	a36a0b83e48d7e6932659a049446c57e	TCGA-LUAD	TCGA-97-A4M5	TCGA-97-A4M5-01A	Primary Tumor
a5c20dde-ba99-4ad2-ab84-45997c9e010b	cfc139cc-1e7d-47b9-896f-1a646988f338.methylation_array.sesame.level3betas.txt	13202229	f7d95ba51cf1af9b12b0436f6c473884	TCGA-LUAD	TCGA-97-A4M6	TCGA-97-A4M6-01A	Primary Tumor
2e8682c9-4af6-4579-800f-6a77369c6aa3	1242aeeb-e24a-4bdc-9f7c-62decc962ee9.methylation_array.sesame.level3betas.txt	13191390	ef8ca10b14d84e1b30e69dde1876ebe1	TCGA-LUAD	TCGA-97-A4M7	TCGA-97-A4M7-01A	Primary Tumor
d695292a-aa40-4260-8c69-9ba45631d1d1	aaa48115-9a20-4a8d-b756-85f7a6beafd3.methylation_array.sesame.level3betas.txt	13190470	4766f66c63ff91d536593d8bf382bd68	TCGA-LUAD	TCGA-99-7458	TCGA-99-7458-01A	Primary Tumor
c04f940f-fe0b-4d0b-a94a-1083c63ea952	7da6a36d-73ae-4392-8eb9-56657aa70c4d.methylation_array.sesame.level3betas.txt	13098326	6aa842b6eb8100143553d5c2a4eeb822	TCGA-LUAD	TCGA-99-8025	TCGA-99-8025-01A	Primary Tumor
ebc0d57c-e9f8-44e6-922e-6b39bbbcb0fe	a9e10388-6292-47ba-aa27-d8fbbe81db60.methylation_array.sesame.level3betas.txt	13095456	95402b3b8ab525bd6b1093b03966a3b0	TCGA-LUAD	TCGA-99-8028	TCGA-99-8028-01A	Primary Tumor
1a91e3e4-a06e-4d00-9498-797c604222f9	592bc2c0-85f2-47a2-a2b7-125c74a0f5b0.methylation_array.sesame.level3betas.txt	13092971	9191e34ee71d53737c72ac4104904dc6	TCGA-LUAD	TCGA-99-8032	TCGA-99-8032-01A	Primary Tumor
dc9196d9-0669-4965-ae19-be1d4d94bf96	0e08b131-e3df-4a84-aa08-b252e9cdff7b.methylation_array.sesame.level3betas.txt	13200905	67aa95899abb272ea0a59dc31d565a49	TCGA-LUAD	TCGA-99-8033	TCGA-99-8033-01A	Primary Tumor
61b39972-b2ce-44b3-a820-3357412f27a3	fbc538bb-af5f-4c95-a528-53b29416ca81.methylation_array.sesame.level3betas.txt	13093029	b77cf5190278f8f9ebdb7ad8a809fa41	TCGA-LUAD	TCGA-99-AA5R	TCGA-99-AA5R-01A	Primary Tumor
a434db66-c204-412c-97a5-b5cbb8ab3963	863baabd-5f57-4617-8737-ef296cb75ba9.methylation_array.sesame.level3betas.txt	13107447	723841095c5a1089cae0a560d0f1c0ef	TCGA-LUAD	TCGA-J2-8192	TCGA-J2-8192-01A	Primary Tumor
7ea826d5-76ee-4362-b856-f17d9c9fad78	c9c05811-41fe-46ad-8c44-dfdcf7cbda02.methylation_array.sesame.level3betas.txt	13163797	210fca206ea24751c0192c72c9be326b	TCGA-LUAD	TCGA-J2-8194	TCGA-J2-8194-01A	Primary Tumor
04453143-5972-4c23-a86a-c951b1f5a552	eefa1fcf-e66c-4fda-977f-6f7dd548dc3b.methylation_array.sesame.level3betas.txt	13165345	fe6fcabd17a269ab878623f5dfb86177	TCGA-LUAD	TCGA-J2-A4AD	TCGA-J2-A4AD-01A	Primary Tumor
79e1051e-20ea-4bea-a981-71416f89df04	b01fbd55-8406-416e-8c4e-1b13a22b232e.methylation_array.sesame.level3betas.txt	13160044	0aacf5e096305f6f0bd8f4fcd4605e42	TCGA-LUAD	TCGA-J2-A4AE	TCGA-J2-A4AE-01A	Primary Tumor
b1b934c9-037c-4e38-b5f3-5bccd93e6556	ae5bf0ca-c01f-4a53-92c5-6b0806d5583a.methylation_array.sesame.level3betas.txt	13158041	22ffc29a3f6592dd2e5f50e24dd56d74	TCGA-LUAD	TCGA-J2-A4AG	TCGA-J2-A4AG-01A	Primary Tumor
4579109d-fb7e-4c71-966a-728ace9e7694	7821689b-dac5-4e60-a939-3afe18028134.methylation_array.sesame.level3betas.txt	13153633	45e95a8e3385e9b70c31076e901d6a9c	TCGA-LUAD	TCGA-L4-A4E5	TCGA-L4-A4E5-01A	Primary Tumor
f485b192-edc7-4d98-bb63-06a6f40b527f	dd976a25-dcd9-44ff-8fe4-3ab62f58bc5d.methylation_array.sesame.level3betas.txt	13169451	0f582622492354d07a5cfd427bdde15f	TCGA-LUAD	TCGA-L4-A4E6	TCGA-L4-A4E6-01A	Primary Tumor
807ddda8-ac26-4a50-80e5-658f6dbd1f69	e302d3a1-c98a-49ab-a38d-c8e6320b15b0.methylation_array.sesame.level3betas.txt	13184617	9390c40e003b53c9ae12d2e4fbe80c6e	TCGA-LUAD	TCGA-L9-A443	TCGA-L9-A443-01A	Primary Tumor
777ed88d-a1ca-489a-9927-32602c77b539	b3f82b96-cd1e-4557-947c-223739b0fcb8.methylation_array.sesame.level3betas.txt	13153165	f529b20b882155011c12ff9e4d56b38d	TCGA-LUAD	TCGA-L9-A444	TCGA-L9-A444-01A	Primary Tumor
209dc9c2-3e38-41b5-8c7e-f6e422b8dbbb	3ec49c77-863c-453f-ac97-c76f691e4008.methylation_array.sesame.level3betas.txt	13163447	c86a00447f3f37e2bec5bad2d608ba68	TCGA-LUAD	TCGA-L9-A50W	TCGA-L9-A50W-01A	Primary Tumor
2c830ceb-c805-4410-b40d-115f5149f417	7aa09ce4-8373-40b0-a4d1-148e4eaccd55.methylation_array.sesame.level3betas.txt	13129170	54693972d0bdd56b267b7773f88cd6bb	TCGA-LUAD	TCGA-L9-A5IP	TCGA-L9-A5IP-01A	Primary Tumor
9e711594-b012-4d84-aa47-5f893690c793	69cfa81f-a7b9-46d5-a89f-ef79bd65e5cc.methylation_array.sesame.level3betas.txt	13169195	c971bc2d9bb552ec12609b08fb061944	TCGA-LUAD	TCGA-L9-A743	TCGA-L9-A743-01A	Primary Tumor
2fb23eea-c5de-49d0-9c50-95038fc7c157	907ee112-fb3c-4002-9795-7d60ef6eb4fa.methylation_array.sesame.level3betas.txt	12978211	212f6dfc0630dd571d9e1f29d515a349	TCGA-LUAD	TCGA-L9-A7SV	TCGA-L9-A7SV-01A	Primary Tumor
ae7275dd-d6c4-4786-b710-35b270d4050f	968f4bf5-5395-4a2d-a34b-e8543743d934.methylation_array.sesame.level3betas.txt	13048097	42c886410a1b743c0c15294eae70bcae	TCGA-LUAD	TCGA-L9-A8F4	TCGA-L9-A8F4-01A	Primary Tumor
c865dfdb-42bd-4700-9a91-eac2b56a3cb3	937b28f6-5e66-462f-bd3a-897452d9b373.methylation_array.sesame.level3betas.txt	13175743	606ab029e5c20c60ccf0f8de8eccbe5b	TCGA-LUAD	TCGA-MN-A4N1	TCGA-MN-A4N1-01A	Primary Tumor
c201af42-0040-4d46-8d65-9d6e6647c35b	e4427126-5425-4628-a7ec-c5de397a77a2.methylation_array.sesame.level3betas.txt	13169401	8b0e4df0a4916baf6a4393ea821513c2	TCGA-LUAD	TCGA-MN-A4N4	TCGA-MN-A4N4-01A	Primary Tumor
a13c34af-ec29-4c37-a19e-0a0b9d6b36a9	fa12fb27-04af-4e8b-b0a2-0e2e2c56c044.methylation_array.sesame.level3betas.txt	13182496	f57089d5568a6883b5029c4b168defd5	TCGA-LUAD	TCGA-MN-A4N5	TCGA-MN-A4N5-01A	Primary Tumor
61277530-2207-45be-bb00-b9ad813a85c9	80e60be0-b21c-42fa-a8f9-aca032dfd2c5.methylation_array.sesame.level3betas.txt	13171067	5c1d6f722abe8bed49ddeb1b108accc3	TCGA-LUAD	TCGA-MP-A4SV	TCGA-MP-A4SV-01A	Primary Tumor
a96b1164-baf8-42a9-a8ad-219b6518e234	5260f7f2-f2eb-432d-b02f-cbd74ed89f58.methylation_array.sesame.level3betas.txt	13187258	3324ef70ca0b9c3ff2b6e3b4e3f0fba5	TCGA-LUAD	TCGA-MP-A4SW	TCGA-MP-A4SW-01A	Primary Tumor
729b7ccc-4e5f-4d78-85ad-2ac67d091e95	8f690cca-96cc-4c17-b15f-627df01a1e06.methylation_array.sesame.level3betas.txt	13182437	97f5c6ccd8fe4f6815e0f313da7ec0da	TCGA-LUAD	TCGA-MP-A4SY	TCGA-MP-A4SY-01A	Primary Tumor
859b54ff-c861-476c-8c4f-510a20702d4b	345f0a48-0b6f-4a38-8ed9-5601eab4858e.methylation_array.sesame.level3betas.txt	13209172	3a421c266dd142f5fe6c5a3e838fe4ad	TCGA-LUAD	TCGA-MP-A4T2	TCGA-MP-A4T2-01A	Primary Tumor
8c3462b8-10e4-4bdf-beb1-0bc009e5b0e6	62d4dcc9-0549-4c6a-916b-f8e99f0aee96.methylation_array.sesame.level3betas.txt	13054229	0dfa56722adee0578fe8a712a01fb997	TCGA-LUAD	TCGA-MP-A4T4	TCGA-MP-A4T4-01A	Primary Tumor
740e79c4-19e4-4759-a43b-18a34c3216e9	aa0ebc08-6ca8-4027-8cf1-0f2b231be0d3.methylation_array.sesame.level3betas.txt	12672922	3beeaefd82c45bce9227d9a5e3f3cbd0	TCGA-LUAD	TCGA-MP-A4T6	TCGA-MP-A4T6-01A	Primary Tumor
d76096d9-565f-492a-8a26-34cacacc35e9	1e732c33-e8c1-410f-a5d2-5057b70d9fc0.methylation_array.sesame.level3betas.txt	13169811	b6657da35efe6c81e38765291ddf59e6	TCGA-LUAD	TCGA-MP-A4T7	TCGA-MP-A4T7-01A	Primary Tumor
2963ba0e-cd13-4a95-98a8-445f65cb0f15	eef0a910-7a0d-48ce-966d-103d43313e28.methylation_array.sesame.level3betas.txt	13172753	9d141930fe503a2d56d1a2929e6b1105	TCGA-LUAD	TCGA-MP-A4T8	TCGA-MP-A4T8-01A	Primary Tumor
75435c87-01ab-4d65-ab87-8d3737e848ab	f405e89a-6792-425d-a670-d18dc2d270eb.methylation_array.sesame.level3betas.txt	13172224	efe0bfe68f94a04c0e5f3bcb734ae021	TCGA-LUAD	TCGA-MP-A4T9	TCGA-MP-A4T9-01A	Primary Tumor
8f810657-a7cf-4d40-a010-8f3cf18a2083	36ea9f1d-668d-4a68-83c8-6306a5198f9f.methylation_array.sesame.level3betas.txt	13141733	98bf61b14bb1f0fcbaae7d8b0f1af8f5	TCGA-LUAD	TCGA-MP-A4TA	TCGA-MP-A4TA-01A	Primary Tumor
41f1ab44-d61e-40b9-8c94-df8a211b4993	4fcefb31-6c19-4dfd-bc77-b09ad63fc18d.methylation_array.sesame.level3betas.txt	13184489	3f842e7d22ff9172b3235bea9758a20f	TCGA-LUAD	TCGA-MP-A4TC	TCGA-MP-A4TC-01A	Primary Tumor
e6ed548e-e3f0-41ae-9345-dbf46b053c26	45686a25-f0f5-4944-bcb4-a3ffc512de83.methylation_array.sesame.level3betas.txt	12863885	0626f7ad06b5ef719a5393426346ed4f	TCGA-LUAD	TCGA-MP-A4TD	TCGA-MP-A4TD-01A	Primary Tumor
33a4f22e-973e-4f8e-8cd1-51ae4175aadb	4a914c49-1f6e-4e63-97ec-26bf78446786.methylation_array.sesame.level3betas.txt	12931209	23998dbf3860b88d8d5d37e55ba1949f	TCGA-LUAD	TCGA-MP-A4TE	TCGA-MP-A4TE-01A	Primary Tumor
3d64a064-f9dc-4a17-891f-7e085c77be67	c66fbc0d-8fe3-468a-85fd-9bda80481ab8.methylation_array.sesame.level3betas.txt	13008588	7898c36e3f7c0e0af7d604b3bb0e347c	TCGA-LUAD	TCGA-MP-A4TF	TCGA-MP-A4TF-01A	Primary Tumor
4979ef4d-3261-4a32-80df-b661e6f0289b	e03955fc-c86a-4cb4-9ed1-c9057fad413c.methylation_array.sesame.level3betas.txt	13062580	f37e783f1987609fd145563db5076869	TCGA-LUAD	TCGA-MP-A4TH	TCGA-MP-A4TH-01A	Primary Tumor
57042dac-4d83-414e-ac77-2b26cf66b2c1	de245aec-c593-42ae-8cc2-9bab2fefd70f.methylation_array.sesame.level3betas.txt	13188211	b8f06811e16b91e9393c3a5828e7e3e9	TCGA-LUAD	TCGA-MP-A4TI	TCGA-MP-A4TI-01A	Primary Tumor
c202c35e-d28b-46fc-9ad7-9447ac755bd9	155a9ccb-81cd-4217-a5b0-dfc578d663a9.methylation_array.sesame.level3betas.txt	13068620	67a44b7fa18f9a62487a1402db0fd47a	TCGA-LUAD	TCGA-MP-A4TJ	TCGA-MP-A4TJ-01A	Primary Tumor
adb302cb-bea8-4623-9c5d-009e696e2df7	ea111fb8-4fe3-4329-a1ea-9aa790bb77e3.methylation_array.sesame.level3betas.txt	13144069	9b56f7eeefee6ca5c1a239ec97ea72da	TCGA-LUAD	TCGA-MP-A4TK	TCGA-MP-A4TK-01A	Primary Tumor
38b4ab4b-9d74-4192-a18f-6bd1fb035c17	e8e403cf-80fd-48e8-91e7-4f9428da4e6a.methylation_array.sesame.level3betas.txt	13115121	02fae3492ca18b84f82987ef7f78af56	TCGA-LUAD	TCGA-MP-A5C7	TCGA-MP-A5C7-01A	Primary Tumor
78313cad-f214-41e4-9782-241fb4cb311c	f64ae796-3674-4068-a540-73958cea1d49.methylation_array.sesame.level3betas.txt	13036224	251965dcf083dc629c6700751b32d7cc	TCGA-LUAD	TCGA-NJ-A4YF	TCGA-NJ-A4YF-01A	Primary Tumor
eb1df92a-e466-47b5-b040-8fdff9528a40	93376252-0096-47bb-955b-317addb7a693.methylation_array.sesame.level3betas.txt	13125877	6ba70287c549e13b872f9dd9b0db4728	TCGA-LUAD	TCGA-NJ-A4YG	TCGA-NJ-A4YG-01A	Primary Tumor
3e153723-1c5f-46a0-9753-c432b6a95098	a6a94ac8-fbed-4ec5-9370-28486554789e.methylation_array.sesame.level3betas.txt	13058718	219a2c89ca56107cf13e7446137a8048	TCGA-LUAD	TCGA-NJ-A4YI	TCGA-NJ-A4YI-01A	Primary Tumor
1b1bfeb9-1a65-43bd-a51e-cbb4260dcae2	5150320b-e1d2-4870-85aa-234f929a1d0e.methylation_array.sesame.level3betas.txt	12971027	615bcda81b0b040a1d3ba3f91acdd5eb	TCGA-LUAD	TCGA-NJ-A4YP	TCGA-NJ-A4YP-01A	Primary Tumor
a2c4a1a8-5e01-4035-b211-01f073a17247	a9f96486-baf7-4bed-8322-2a4880478843.methylation_array.sesame.level3betas.txt	12841574	86f6b1d9f3f344addf71de0533110098	TCGA-LUAD	TCGA-NJ-A4YQ	TCGA-NJ-A4YQ-01A	Primary Tumor
2412e402-e018-405f-9ece-fa9169c9afa4	6c03035b-f309-48e6-99c1-9c5a7ae8e28c.methylation_array.sesame.level3betas.txt	12859733	b8e59f251ef65ecf4db4186ffeb6df78	TCGA-LUAD	TCGA-NJ-A55A	TCGA-NJ-A55A-01A	Primary Tumor
baead0cf-79a5-4c20-a522-cb18907f7151	9f1f39d1-b23c-48ae-beda-328ddefceebc.methylation_array.sesame.level3betas.txt	12926996	0bdf648eaa495219df388db1be519176	TCGA-LUAD	TCGA-NJ-A55O	TCGA-NJ-A55O-01A	Primary Tumor
6a960a86-89b9-4929-a7ef-e5d7fafe71c8	936ff588-6342-4148-aa4d-df80a31d9e83.methylation_array.sesame.level3betas.txt	12971578	c5b404202173a5b80df93ddb3b7f4b79	TCGA-LUAD	TCGA-NJ-A55R	TCGA-NJ-A55R-01A	Primary Tumor
2a618451-5bd2-4c4b-a4b4-376281cc5f43	06dbda1d-0ce0-45bb-a94c-7a137e5411bf.methylation_array.sesame.level3betas.txt	13174310	6726f83917a3d0e83eb534359f94ab3f	TCGA-LUAD	TCGA-NJ-A7XG	TCGA-NJ-A7XG-01A	Primary Tumor
076eb664-6c5a-4a85-bff6-b826405b843d	61a6b2b4-3ba7-4446-b46a-b16ae9b6fccc.methylation_array.sesame.level3betas.txt	12956738	47df2299f64c4677ea917e7760405eb3	TCGA-LUAD	TCGA-O1-A52J	TCGA-O1-A52J-01A	Primary Tumor
71ea4a13-3f21-4011-a648-954723435b4a	72a78e11-422c-4e99-8ee4-8614e6a22a43.methylation_array.sesame.level3betas.txt	13130935	83e63ee290471deceeebe87a035f0dc3	TCGA-LUAD	TCGA-S2-AA1A	TCGA-S2-AA1A-01A	Primary Tumor
9e6afded-b3fa-457f-9c2d-681ec802dfa0	0f7cfa96-b0a6-4e5d-a531-41819bcf37e9.methylation_array.sesame.level3betas.txt	13126927	2d79e154a321a52b3d695dc8bffc7341	TCGA-LUSC	TCGA-18-3417	TCGA-18-3417-01A	Primary Tumor
6095dfd2-ce38-454f-b308-591bec6fb33d	75b8c3b1-eb3b-4a08-935e-400327f13333.methylation_array.sesame.level3betas.txt	13198520	114bf9df1a2c002ec54cfa59b4a50671	TCGA-LUSC	TCGA-18-3417	TCGA-18-3417-11A	Solid Tissue Normal
4ecb9135-6e48-45b3-b318-ef63f11f734a	9885d98c-4112-43bc-867a-10a56d341e09.methylation_array.sesame.level3betas.txt	13080868	bafbc1b13140b85b995074e8671fe0fb	TCGA-LUSC	TCGA-18-4721	TCGA-18-4721-01A	Primary Tumor
1fc39115-a4c7-470d-9222-95690c35f688	a47e8aa1-c318-4ac1-9411-5cc2af497671.methylation_array.sesame.level3betas.txt	13195122	e36686ca48a52e34262b7846eb1a3631	TCGA-LUSC	TCGA-18-4721	TCGA-18-4721-11A	Solid Tissue Normal
337ef315-48f8-4261-b8c2-f1f3c6213579	639ee80c-2f92-4672-b477-620f2e208279.methylation_array.sesame.level3betas.txt	13152355	ccd65f9cae6457b52286013a8e05ab89	TCGA-LUSC	TCGA-18-5592	TCGA-18-5592-01A	Primary Tumor
94ce14f2-560f-49c3-9397-678bfcc0bd4b	0fb18bf8-edec-467f-b627-b1f5a4d43119.methylation_array.sesame.level3betas.txt	13225126	8536e096dad1bc01d29c145ee947f742	TCGA-LUSC	TCGA-18-5592	TCGA-18-5592-11A	Solid Tissue Normal
c0f4af96-d182-46e2-9ede-657e89717255	0e4891b2-1716-4233-9823-be4882856c48.methylation_array.sesame.level3betas.txt	13141106	9a6d37f2067ae5bba0dc57335d1484d2	TCGA-LUSC	TCGA-18-5595	TCGA-18-5595-01A	Primary Tumor
77deb547-68ec-4b8f-892e-492dc8d82ac8	e4591a2c-ad73-4661-a859-af75383ff286.methylation_array.sesame.level3betas.txt	13207932	2a771fd0805a12d34a545a6819c29858	TCGA-LUSC	TCGA-18-5595	TCGA-18-5595-11A	Solid Tissue Normal
a68d4919-0e5a-4294-accf-19359f777a05	d3977491-4a6f-4f11-9b1a-9c49711733ac.methylation_array.sesame.level3betas.txt	13101994	e96c27bf93eb857b6523f1c07fec720a	TCGA-LUSC	TCGA-21-5782	TCGA-21-5782-01A	Primary Tumor
c3064ae0-4748-4f66-ae63-a759747e1a24	7ac21819-c618-4d5a-b070-705444eefeff.methylation_array.sesame.level3betas.txt	13114001	8689f5c31e54c3aad829220b13aa84a2	TCGA-LUSC	TCGA-21-5783	TCGA-21-5783-01A	Primary Tumor
6ef35129-6349-4ab8-975a-e7c4fddba7c9	7a8d91cb-df57-445c-9df2-6813b0b273c0.methylation_array.sesame.level3betas.txt	13185628	66d1ca0ce9e33ff87d84ce44c5b385cc	TCGA-LUSC	TCGA-21-5784	TCGA-21-5784-01A	Primary Tumor
17c8ff4e-65e1-45a7-bf70-bf961c1dc606	d14af673-9097-4228-8a69-3486bdb2b2ea.methylation_array.sesame.level3betas.txt	13180843	3203762f2e2f1acdae0e9a4cfe4b6972	TCGA-LUSC	TCGA-21-5786	TCGA-21-5786-01A	Primary Tumor
05be9298-f6d4-46a5-8df8-e08ac3fff99e	1a617952-6c9e-49a3-87c4-bd9e017ebe22.methylation_array.sesame.level3betas.txt	13185820	6cde5e650a4b9ad912c890258cd81ec3	TCGA-LUSC	TCGA-21-5787	TCGA-21-5787-01A	Primary Tumor
110c3897-fbe7-4a17-81e6-95c600177afd	8888597f-3445-4a08-8627-917f6081460a.methylation_array.sesame.level3betas.txt	13153908	118b0104c5ac48561dc0e773f121535a	TCGA-LUSC	TCGA-21-A5DI	TCGA-21-A5DI-01A	Primary Tumor
6d7cabe9-e1ef-4d75-8803-6cea6ba9ba53	3d13b9bb-a1d7-45ad-8ea4-68cd78937c6a.methylation_array.sesame.level3betas.txt	13183500	bbe67a7f1104dbe6ee9f390215d91717	TCGA-LUSC	TCGA-22-4593	TCGA-22-4593-01A	Primary Tumor
1b3c2059-d5a1-43dd-9078-800ced429bca	50c1a7e3-0f84-4f99-b284-db5db0532008.methylation_array.sesame.level3betas.txt	13096650	03eef7cbb07d4d8ac48326c35bb401fc	TCGA-LUSC	TCGA-22-4599	TCGA-22-4599-01A	Primary Tumor
2a517ee0-a8f1-4aa8-bc7a-e073d7ff74ec	02670fcc-6686-4f76-a832-01b7f62df271.methylation_array.sesame.level3betas.txt	13170111	71119865a1a6fb55e25fc2e65d67a345	TCGA-LUSC	TCGA-22-4599	TCGA-22-4599-11A	Solid Tissue Normal
078fb3c0-04e7-4b66-8b95-53b02c177df0	640f016b-efa2-4b73-8620-609c19d6ef74.methylation_array.sesame.level3betas.txt	13168293	f92df8c3dc9e4a72e1d06c4f0e44dad8	TCGA-LUSC	TCGA-22-4601	TCGA-22-4601-01A	Primary Tumor
bda2d435-d47d-4903-8ca3-3c32578dbf3e	d03c2af2-8f17-44d9-b63d-3ededb99bd97.methylation_array.sesame.level3betas.txt	13181541	bcffb7f21133e7ca5fe451e09c868e39	TCGA-LUSC	TCGA-22-4601	TCGA-22-4601-11A	Solid Tissue Normal
9f47f52e-6a1a-4f9d-a1bf-737d425b27d9	059bdbe0-7daa-4fad-898c-098c573482b2.methylation_array.sesame.level3betas.txt	13183537	bc0f3a79d94f078183da098f151dd9e7	TCGA-LUSC	TCGA-22-4605	TCGA-22-4605-01A	Primary Tumor
8fd96b96-1560-4978-851c-2c9be39035c9	47dff0fe-eb42-4f2f-8a6d-420741e7f278.methylation_array.sesame.level3betas.txt	13188025	af081af042ab364b5497f7dac0c08dd0	TCGA-LUSC	TCGA-22-4609	TCGA-22-4609-01A	Primary Tumor
5fc9d8aa-6c7f-4b61-8532-d4439995f980	8f2a063b-1fc7-4f52-81aa-1fcaff266015.methylation_array.sesame.level3betas.txt	13183871	999ea3e4767fa41dae15294d766f22c9	TCGA-LUSC	TCGA-22-4613	TCGA-22-4613-01A	Primary Tumor
9191f609-1542-439d-bbaa-255d56a1f5f7	c185cd79-4a46-4561-9aa7-0a59a20cb8dd.methylation_array.sesame.level3betas.txt	13142356	3a62e4efd0fb0ff4fb55b916d63a2004	TCGA-LUSC	TCGA-22-4613	TCGA-22-4613-11A	Solid Tissue Normal
12336114-f839-4027-be11-5baeb1f8264e	50e2c512-5ea2-4d7d-9d31-37a9869424ef.methylation_array.sesame.level3betas.txt	13205323	b21ae660545ff8a4514e968e199b0f9d	TCGA-LUSC	TCGA-22-5471	TCGA-22-5471-01A	Primary Tumor
b8d008c2-9ad2-4450-943c-7b2b0cd39aed	f39f4a4c-dfae-40b6-841d-e653322aac9a.methylation_array.sesame.level3betas.txt	13223062	304cb626f390b4ae3775993eb95a532a	TCGA-LUSC	TCGA-22-5471	TCGA-22-5471-11A	Solid Tissue Normal
390229ee-5ed8-49cc-82c3-bc5e40f6cd71	1ad2aacc-5414-422b-9a92-5823670f21c7.methylation_array.sesame.level3betas.txt	13209647	c721f4defe3e64aa96d34a796efbda44	TCGA-LUSC	TCGA-22-5472	TCGA-22-5472-01A	Primary Tumor
69a74e3d-9430-45c6-90d9-0f9671b2409c	68c4dcb6-c40a-4294-8717-e4d5b6c3744d.methylation_array.sesame.level3betas.txt	13201481	64923b93607bc1148c17c9c5134aca48	TCGA-LUSC	TCGA-22-5472	TCGA-22-5472-11A	Solid Tissue Normal
c5390ed7-7800-4052-917d-120016648cf8	bf88a473-1b02-4dcb-aba8-dc0b89f2fab8.methylation_array.sesame.level3betas.txt	13186495	39ad214aca322f511272a0f52bcadf72	TCGA-LUSC	TCGA-22-5473	TCGA-22-5473-01A	Primary Tumor
0202f0d0-20f2-4d5c-9ac2-bd96f5a584a2	d16baf89-d2b0-4ee9-aa39-c90941f8716e.methylation_array.sesame.level3betas.txt	13199469	32dd71290371b0fd46c249f27ea1f0a7	TCGA-LUSC	TCGA-22-5473	TCGA-22-5473-11A	Solid Tissue Normal
239732a8-cc31-4b64-8f76-4beb1419cfc4	cade2674-3c76-4695-8926-f9d4fb36bcd4.methylation_array.sesame.level3betas.txt	13209791	b226600ea15f7cb687e4355b48b2beb7	TCGA-LUSC	TCGA-22-5474	TCGA-22-5474-01A	Primary Tumor
79b7ae4a-f6d9-483e-bebf-b954d8fe21e2	6b6d8a08-077d-46f3-8e26-dd934e85498e.methylation_array.sesame.level3betas.txt	13222863	6b745e26fea7eb1c9f22b59ca7b3200f	TCGA-LUSC	TCGA-22-5474	TCGA-22-5474-11A	Solid Tissue Normal
f4457459-98f1-418b-b59a-9b41eb411d02	2bf38776-c10f-42f2-b62f-d4cb21dccc28.methylation_array.sesame.level3betas.txt	13183424	bd7fad1c804e1136e3ed07b02c1d2b66	TCGA-LUSC	TCGA-22-5477	TCGA-22-5477-01A	Primary Tumor
26b70c31-7f1f-463a-8a8e-933cdbbeea73	f2340031-38f8-4683-9269-4ee25884ac11.methylation_array.sesame.level3betas.txt	13200854	18931fe06fbb4f8da153e74b334533e6	TCGA-LUSC	TCGA-22-5477	TCGA-22-5477-11A	Solid Tissue Normal
511ad4a4-a63a-4a37-9204-95503663b5a5	7b19f230-f377-4c80-954e-dc42d40ea2a3.methylation_array.sesame.level3betas.txt	13202697	288f01f1cb3b25512b86f20705e7871b	TCGA-LUSC	TCGA-22-5478	TCGA-22-5478-01A	Primary Tumor
e2f4e9c9-ccde-4107-a734-1e67c97ba382	5cf5cba4-58db-4227-a5df-635ef143c254.methylation_array.sesame.level3betas.txt	13203891	483989f537bf69c0928b3adad65576a0	TCGA-LUSC	TCGA-22-5478	TCGA-22-5478-11A	Solid Tissue Normal
2f6641af-5891-4c0d-a7a9-1df6cac9f89a	168af721-ae08-4b90-a43a-9c1fb8009486.methylation_array.sesame.level3betas.txt	13187023	32ce279e824fc4025a7259fa98113c25	TCGA-LUSC	TCGA-22-5479	TCGA-22-5479-01A	Primary Tumor
63e9866a-f46a-4674-8a42-d27b39c2f976	c35e3e22-bd2f-4d3a-bb1b-6db2757e362c.methylation_array.sesame.level3betas.txt	13191347	68a7311862a55f9c86b3e6628c7ad0d3	TCGA-LUSC	TCGA-22-5480	TCGA-22-5480-01A	Primary Tumor
db7205ab-6ed9-4f63-a4b7-bf56ff43a524	223e763f-370d-4cf3-978a-96b8b138ba3e.methylation_array.sesame.level3betas.txt	13198548	dad8063ef01be1ed02ff3af9f6bba2c7	TCGA-LUSC	TCGA-22-5480	TCGA-22-5480-11A	Solid Tissue Normal
61bd012b-1a4a-46ff-adc8-eae9f778d38f	a68b3b0f-d09b-486a-b5ef-d1c0455193fe.methylation_array.sesame.level3betas.txt	13151572	6522c6d55d5beb14a144ee4da7952cbf	TCGA-LUSC	TCGA-22-5481	TCGA-22-5481-01A	Primary Tumor
a33120fc-ffb7-472d-b98b-303b2debda62	27d7c0ff-74d0-4f6d-af31-cae214018f5b.methylation_array.sesame.level3betas.txt	13188340	5c88d38bc708e436e8bc391492375fd4	TCGA-LUSC	TCGA-22-5482	TCGA-22-5482-01A	Primary Tumor
3b9d166c-6a69-4dbd-91ad-fad313929dd1	053ceb29-206b-499d-951d-704aced678a7.methylation_array.sesame.level3betas.txt	13199772	923c9231c01f1471ba39d07b42567ea6	TCGA-LUSC	TCGA-22-5482	TCGA-22-5482-11A	Solid Tissue Normal
842817b0-bc42-4db4-bf38-3c8406d6050b	e2318c6e-5cbd-4677-ac86-40d4c68548b1.methylation_array.sesame.level3betas.txt	13205763	84dca409ff91efa7bb7f11d18edf6256	TCGA-LUSC	TCGA-22-5483	TCGA-22-5483-01A	Primary Tumor
cf2290a0-feb3-4c30-b5a8-c41acf10331c	8ad0ab82-3843-427b-9fc3-02d689f1ed82.methylation_array.sesame.level3betas.txt	13180925	0563aaa20ea9084f6d806dfd60ad9e27	TCGA-LUSC	TCGA-22-5485	TCGA-22-5485-01A	Primary Tumor
8ed1b852-b91a-495a-a4cc-195b2227f264	f9c12fa8-6d3c-4e3d-9f0e-3be10dd9204c.methylation_array.sesame.level3betas.txt	13187731	3983eda7ae6d2b072c59e0224dc7f304	TCGA-LUSC	TCGA-22-5485	TCGA-22-5485-11A	Solid Tissue Normal
cda535e0-80c3-435f-9861-d8a7bdcbfe40	6cd3d254-083b-4a1c-abef-b4f544d0029b.methylation_array.sesame.level3betas.txt	13191598	3243071d8ae9e4dfe696b857f54403b7	TCGA-LUSC	TCGA-22-5489	TCGA-22-5489-01A	Primary Tumor
1b4cd5cf-f995-406c-888c-1190aebcbbb9	b82ea654-fdf6-4c54-a180-986ee3196ca4.methylation_array.sesame.level3betas.txt	13214724	e2695a1ce5155fe2feef9dd2e03d2f28	TCGA-LUSC	TCGA-22-5489	TCGA-22-5489-11A	Solid Tissue Normal
d18608d4-5500-4fda-86d5-c75bd7bc361d	5c9deb6c-8e9e-46db-839d-228db2e89b5a.methylation_array.sesame.level3betas.txt	13214339	a4c543bb6cb7384104c811d1966de48a	TCGA-LUSC	TCGA-22-5491	TCGA-22-5491-01A	Primary Tumor
2a609409-a68e-4d49-b6bc-375f37cb64be	d8497466-ff34-424f-8b53-86752e188b21.methylation_array.sesame.level3betas.txt	13202669	077798e739900ede1010f7550ebf3856	TCGA-LUSC	TCGA-22-5491	TCGA-22-5491-11A	Solid Tissue Normal
924f8c44-f5f9-4fd2-88b7-7c0c68ad18c9	8135cd9b-e792-4ca2-afe6-8d9486f05f27.methylation_array.sesame.level3betas.txt	13191885	48ee3adf5fd966755dd20295f2bdf4f3	TCGA-LUSC	TCGA-22-5492	TCGA-22-5492-01A	Primary Tumor
a27d1c43-1c71-4165-943b-226fcad8a566	22813274-5990-47fb-89f8-c3ba948f3265.methylation_array.sesame.level3betas.txt	13205205	8d1c0ebda6426e311f70fe0de4a465f8	TCGA-LUSC	TCGA-22-5492	TCGA-22-5492-11A	Solid Tissue Normal
669626e9-c64b-406c-acb8-73703e6c6e32	ffacb3b2-0337-475e-9a43-3572090fb899.methylation_array.sesame.level3betas.txt	13113767	5b1fc2b467afc0aad068c695d9095792	TCGA-LUSC	TCGA-22-A5C4	TCGA-22-A5C4-01A	Primary Tumor
ce3823f4-413a-4794-a582-d8c5205f050f	cc5f2c2d-7235-48a5-92ac-4c06344cf9c8.methylation_array.sesame.level3betas.txt	13063011	1ff1515bd8f81277c46877a306d97b4a	TCGA-LUSC	TCGA-33-4566	TCGA-33-4566-01A	Primary Tumor
1185f708-7460-43c6-8941-e18147d5ca92	c4e83f37-9af2-4acb-baa1-2f40d9394b9f.methylation_array.sesame.level3betas.txt	13075259	e91c7bbf589f820c0eef72f699bc8a72	TCGA-LUSC	TCGA-33-4566	TCGA-33-4566-11A	Solid Tissue Normal
7d45dfc0-3c10-45e4-a22e-7d0304978904	0ec1957e-390f-4c75-84d8-b118c6f8b7db.methylation_array.sesame.level3betas.txt	13145729	4737fe9fae70c0d19a5103963bc35e94	TCGA-LUSC	TCGA-33-4582	TCGA-33-4582-01A	Primary Tumor
8b234e53-57f7-4e54-a243-71bb2bd5becd	1d725d44-fff6-4473-8ab1-7848d22c6b38.methylation_array.sesame.level3betas.txt	13176896	ade9b5c96d9bcbcecfce94f834aee1a5	TCGA-LUSC	TCGA-33-4582	TCGA-33-4582-11A	Solid Tissue Normal
b3fc0901-1a68-4986-ad9f-13b0210d76f8	2b6ef010-8391-45df-8268-9113f8b30f20.methylation_array.sesame.level3betas.txt	13093520	796509cd61ba3ef4b31c19308aa457f4	TCGA-LUSC	TCGA-33-4583	TCGA-33-4583-01A	Primary Tumor
ddf56127-347b-4808-9226-a328d74fa0ea	ffadb33f-e616-4848-a1e5-be5eb072973c.methylation_array.sesame.level3betas.txt	13173319	ae0288d1406435fbe59c573f20508054	TCGA-LUSC	TCGA-33-4583	TCGA-33-4583-11A	Solid Tissue Normal
f2bc1a57-1b15-4981-9cbb-a5c0fc957ef7	627737f7-5e7b-4b67-9f46-23acd425f306.methylation_array.sesame.level3betas.txt	13053086	e53b4f9737b8e64532779a745daadd8e	TCGA-LUSC	TCGA-33-4586	TCGA-33-4586-01A	Primary Tumor
64cb8974-aa79-4af6-af1f-7d1267b86aa9	d65f1d04-5d98-4853-9c93-e8325e59746e.methylation_array.sesame.level3betas.txt	13191595	21aad532e18d7b26eae8966dcf862750	TCGA-LUSC	TCGA-33-4586	TCGA-33-4586-11A	Solid Tissue Normal
0e89531e-9954-4b1b-8de2-2fea62ab0a49	3d9674e3-f61e-4d81-af9c-e8afa85556d2.methylation_array.sesame.level3betas.txt	13183537	5db9816d59d442df735a09faf1a4c1d7	TCGA-LUSC	TCGA-33-4587	TCGA-33-4587-01A	Primary Tumor
9be2e9fc-f405-4f15-9e33-910a443c58ef	a9eefd04-d799-496f-94e7-ce43a8473c89.methylation_array.sesame.level3betas.txt	13125607	ef5ab37969b24fcadc0d9b84861e2623	TCGA-LUSC	TCGA-33-4589	TCGA-33-4589-01A	Primary Tumor
9311dcd2-42b1-4b58-a628-30122b033150	f8ff60fd-aa35-4d51-8296-cf532aab3ab4.methylation_array.sesame.level3betas.txt	13199932	7fbdddf3aa8c1ffc70f348f7b3a76143	TCGA-LUSC	TCGA-33-4589	TCGA-33-4589-11A	Solid Tissue Normal
fed06163-b194-481f-bf11-4da7c9e1010f	0ae93bc7-c188-441c-a999-103bd18444d4.methylation_array.sesame.level3betas.txt	13203587	c98a40058d5ec0ee7ca308df820f6603	TCGA-LUSC	TCGA-33-6737	TCGA-33-6737-01A	Primary Tumor
efbfbea9-86d2-491b-a325-f62166532971	48b75132-6e3d-4488-b9a1-f380d3503503.methylation_array.sesame.level3betas.txt	13189032	ab901e2cd9656a376e3cf1746c994b4c	TCGA-LUSC	TCGA-33-6738	TCGA-33-6738-01A	Primary Tumor
61e15811-0bc6-41d5-9568-e48862a1aa02	bc5fc83d-3f26-4f66-8127-9b068d3c1670.methylation_array.sesame.level3betas.txt	13120382	ac4e78c8d909f11004a0984cabbdb84d	TCGA-LUSC	TCGA-33-A4WN	TCGA-33-A4WN-01A	Primary Tumor
037852be-20ab-4f63-a325-478e9dec7423	755f7940-ecf8-4a2e-ab8c-9979596199af.methylation_array.sesame.level3betas.txt	13111725	846f0860efae5677d42351d9f5779af3	TCGA-LUSC	TCGA-33-A5GW	TCGA-33-A5GW-01A	Primary Tumor
879fafc6-de5e-4823-b77c-be8b7c2f1415	cafd5fbc-b55c-4a79-bb7d-c9dafce8f26d.methylation_array.sesame.level3betas.txt	12379040	572670807a03617d1aab180676c9d90c	TCGA-LUSC	TCGA-33-AAS8	TCGA-33-AAS8-01A	Primary Tumor
b3ca0275-2936-41c3-b1b1-57c652203a57	709632b4-f787-4beb-9f55-f329ddc3765d.methylation_array.sesame.level3betas.txt	12723970	50df0b41ca0e25abf32db4551699707a	TCGA-LUSC	TCGA-33-AASB	TCGA-33-AASB-01A	Primary Tumor
eda16391-d90d-4677-90ea-1483cc185899	a144e133-4907-42f1-901d-a26bd0ac1ac5.methylation_array.sesame.level3betas.txt	12835078	42178a45be47f3c871a07a84b20fb355	TCGA-LUSC	TCGA-33-AASD	TCGA-33-AASD-01A	Primary Tumor
ebe9b39c-d023-48dd-b97f-765ea1100e8d	f67d5deb-9fcb-46ae-aa89-7e829271a9b0.methylation_array.sesame.level3betas.txt	12334994	494a8e0b071e3ae234491fe27c579f70	TCGA-LUSC	TCGA-33-AASI	TCGA-33-AASI-01A	Primary Tumor
4b4e7a5a-73db-4433-905a-0ffe0c760337	5af94118-13d3-470e-a444-193503661512.methylation_array.sesame.level3betas.txt	12549837	5cb50e25ace623697a4a94615bd349e5	TCGA-LUSC	TCGA-33-AASJ	TCGA-33-AASJ-01A	Primary Tumor
e1c735c4-62bc-41f5-961b-76be81b09ec3	8f92a91a-b431-4234-931b-40ac710c16bb.methylation_array.sesame.level3betas.txt	12844590	997099aa43df6cc09d292b422ba81c6a	TCGA-LUSC	TCGA-33-AASL	TCGA-33-AASL-01A	Primary Tumor
fb7d19e0-3caa-4248-88ba-2b438089cf57	a5ba2ad2-2c37-4c37-bf7a-903bdb4a509a.methylation_array.sesame.level3betas.txt	13105359	be69b047e0537369be37fafa34dc9ad2	TCGA-LUSC	TCGA-34-5231	TCGA-34-5231-01A	Primary Tumor
99756d02-32c9-417d-a4b6-b3c5fb011479	3faa659e-1e16-425f-8cde-008968b4b98e.methylation_array.sesame.level3betas.txt	13192716	d3f7826e8a9c509422c1a16046d8017d	TCGA-LUSC	TCGA-34-5232	TCGA-34-5232-01A	Primary Tumor
ddb7e9d6-e4df-4adb-9ced-7f23893298fc	6af30371-7a67-411b-8b6b-92fc6d6db0be.methylation_array.sesame.level3betas.txt	13143738	7b817ba90d462569c63a33941fa00af7	TCGA-LUSC	TCGA-34-5234	TCGA-34-5234-01A	Primary Tumor
80404054-4893-4521-a47d-b9f43f0e47dd	ee817b1e-674b-403c-884c-8c7a2550cf4b.methylation_array.sesame.level3betas.txt	13205499	2d2199f43b4fba85494e5874489f85d3	TCGA-LUSC	TCGA-34-5236	TCGA-34-5236-01A	Primary Tumor
5a698de5-5f37-4fe2-bee3-191de0b79312	a076984b-a26d-4c6f-93fc-02951c7d7b64.methylation_array.sesame.level3betas.txt	13184393	2a0693e2e4b5eccf0a75c1338e649369	TCGA-LUSC	TCGA-34-5239	TCGA-34-5239-01A	Primary Tumor
86dd98f9-6ab0-4f0a-88c3-928ca46f09a2	98cb58e0-0eae-4bbe-bc36-2109268956e6.methylation_array.sesame.level3betas.txt	13198232	6fac5fe2b899be63c0a7f4a6a29b5301	TCGA-LUSC	TCGA-34-5240	TCGA-34-5240-01A	Primary Tumor
1ccd4e68-154d-4d12-8da1-4991c082242a	d923a452-0ce0-4c49-8d00-8c0af97e7087.methylation_array.sesame.level3betas.txt	13118558	ecf0b4d3be5f51bde8ebc99cef913321	TCGA-LUSC	TCGA-34-5241	TCGA-34-5241-01A	Primary Tumor
1653d68a-f6b8-4fc5-b279-64f15807f1eb	fe69b052-bcf7-4eff-af54-260534471cff.methylation_array.sesame.level3betas.txt	12806697	3d5058871de17f7665dc41865168ee70	TCGA-LUSC	TCGA-34-5927	TCGA-34-5927-01A	Primary Tumor
01232c9e-b486-4aa5-ae14-70be61869455	5837abda-bd8c-4a13-a105-bb14c2578600.methylation_array.sesame.level3betas.txt	13122823	5f2c76c5f2c1e50d60cf8474698243cf	TCGA-LUSC	TCGA-34-5928	TCGA-34-5928-01A	Primary Tumor
e48d5660-b350-421e-ac85-0305b98c1964	1f685b56-0d31-48c0-b7f1-9693e1f4cba4.methylation_array.sesame.level3betas.txt	13188755	374d904336541fa43ba0693cc6ed733c	TCGA-LUSC	TCGA-34-5929	TCGA-34-5929-01A	Primary Tumor
1d7bb847-6856-488d-94f2-19c5c128b059	d4dc2bf5-edb3-43b4-9d17-0ad32ff89c88.methylation_array.sesame.level3betas.txt	13162379	1b998d0aff3c8e690bcc70b3b359bcea	TCGA-LUSC	TCGA-34-5929	TCGA-34-5929-11A	Solid Tissue Normal
9871cf92-4ebf-4180-ad47-3d8e9a61d75e	50501575-a3c3-4c50-9234-f6356dc4edf0.methylation_array.sesame.level3betas.txt	13168204	7ed7dea57e0d7e0c18b753b9d8c787ed	TCGA-LUSC	TCGA-34-7107	TCGA-34-7107-01A	Primary Tumor
77f1f4a4-5bb0-415a-afeb-ae8318c18bcc	f681c6d6-35d8-47ab-99b6-258b96b22cd8.methylation_array.sesame.level3betas.txt	13099204	3060d817656c69647472cc7bdb45e390	TCGA-LUSC	TCGA-34-8454	TCGA-34-8454-01A	Primary Tumor
af51a938-176e-44d4-9bbd-0162376dd776	b9e8608c-f086-45ac-a9e1-7fa667f5fe38.methylation_array.sesame.level3betas.txt	12804994	4910c89d172eed519ce59b602fd4c828	TCGA-LUSC	TCGA-34-8455	TCGA-34-8455-01A	Primary Tumor
b78d2a7a-1a56-45ca-9406-c2b018003b0a	5f57e3ec-7667-4e68-9f19-ff154537c5c5.methylation_array.sesame.level3betas.txt	12878152	818bb7e5fe646ce72c97d379abfdb576	TCGA-LUSC	TCGA-34-8456	TCGA-34-8456-01A	Primary Tumor
349b7a32-b250-4846-9709-286f42926026	c80bc496-444c-43b0-bf4c-32a62ef2d609.methylation_array.sesame.level3betas.txt	13058037	2fb950fbc61b2577d813ad2116b97a12	TCGA-LUSC	TCGA-34-A5IX	TCGA-34-A5IX-01A	Primary Tumor
fa543a57-bad9-4b90-a625-4ccff441f3c9	532d6c25-46af-4d70-bc05-1745116a37c7.methylation_array.sesame.level3betas.txt	13196662	7c3775752d9f415eff4fdf2ad0a76843	TCGA-LUSC	TCGA-37-5819	TCGA-37-5819-01A	Primary Tumor
84104f70-da38-4005-9e60-ec7fcc975166	a200559b-af00-4383-a6ae-07bba24a8776.methylation_array.sesame.level3betas.txt	13154658	d40e262fa00030716635711d1a16bfc2	TCGA-LUSC	TCGA-37-A5EL	TCGA-37-A5EL-01A	Primary Tumor
3e8f2714-cd1a-4222-9d2f-abc92c71d58e	6522ee34-1c64-4601-9d61-f5339b55fb07.methylation_array.sesame.level3betas.txt	13135122	3a63bac08a474b9ac6e66e88b35c8a0d	TCGA-LUSC	TCGA-37-A5EM	TCGA-37-A5EM-01A	Primary Tumor
a412e311-98f3-4569-bcfb-28f982f6c997	e1977e38-bd5d-4687-93e7-52d0f88b85a2.methylation_array.sesame.level3betas.txt	13105534	442bf62988a96d1c34d00aca75630a57	TCGA-LUSC	TCGA-37-A5EN	TCGA-37-A5EN-01A	Primary Tumor
3f3709b7-1a43-48d1-b2c8-724b72539ad3	24dff2f6-8d2a-4b2d-9f8c-835637134849.methylation_array.sesame.level3betas.txt	13156870	ec989ef11e3fd8d75f67e07bc8d76e33	TCGA-LUSC	TCGA-39-5011	TCGA-39-5011-01A	Primary Tumor
896d7f69-41bc-4599-9b4a-0147f6d82ead	9f6065ed-8651-47fe-bdea-3971a7ed8c89.methylation_array.sesame.level3betas.txt	13181297	a22f5122cde5cf10cb48b7260c4c5cb4	TCGA-LUSC	TCGA-39-5011	TCGA-39-5011-11A	Solid Tissue Normal
e0bfdcd8-7692-46cf-96f9-4c7d64e4b55b	fd5c7ad1-7a7b-4c8a-a10e-5599c397c086.methylation_array.sesame.level3betas.txt	13138603	1cb7cb30eb388ac68de0954800eccbe0	TCGA-LUSC	TCGA-39-5016	TCGA-39-5016-01A	Primary Tumor
9be88fcb-7e03-4c3c-8078-ab51a1334b73	6e71a389-4788-4505-a767-8f21a0560d1b.methylation_array.sesame.level3betas.txt	13134977	871a3e94733a39d49bf7e14de58236b8	TCGA-LUSC	TCGA-39-5016	TCGA-39-5016-11A	Solid Tissue Normal
5adb835a-faa0-44f7-9744-503ea42746c4	83bed219-8671-4a3c-bb5a-c8740083e3bb.methylation_array.sesame.level3betas.txt	13139013	6a4381c40d38832aed28ecea40e6af9e	TCGA-LUSC	TCGA-39-5019	TCGA-39-5019-01A	Primary Tumor
daf6b00d-9206-4d33-aba8-9d21168b7924	4b69da85-48f4-43e4-9f62-b73ac09c53ab.methylation_array.sesame.level3betas.txt	13015320	adc9cc81e8e62b5d9edf090e3ce1fde1	TCGA-LUSC	TCGA-39-5019	TCGA-39-5019-11A	Solid Tissue Normal
d45ffd21-8ff5-4a7a-bb24-ee0d1b252393	49634173-e0c5-4c6f-85c8-35901c0de6f5.methylation_array.sesame.level3betas.txt	13155557	6973aeff9bb68d23784b1a5b527f8624	TCGA-LUSC	TCGA-39-5021	TCGA-39-5021-01A	Primary Tumor
37a6045d-52d3-4dd0-870a-0ca4c187aad8	c4cdd3d2-337c-4b92-8f1d-4c19735ab462.methylation_array.sesame.level3betas.txt	13159628	6117aaaa09ca5267bfdf8526e9badfd2	TCGA-LUSC	TCGA-39-5021	TCGA-39-5021-11A	Solid Tissue Normal
f2e27b74-06fe-441e-9092-8424b4d75a1f	e47cf696-ae96-4ec3-b5c8-d7de53c82fb9.methylation_array.sesame.level3betas.txt	13106366	acb292bd23ce1736d074ff1fb3cbf354	TCGA-LUSC	TCGA-39-5022	TCGA-39-5022-01A	Primary Tumor
fe9f98f0-63e7-4b46-ac43-e29e97bd75f7	b4babc4b-9896-4091-8e72-4faa01ab6e3c.methylation_array.sesame.level3betas.txt	13184285	fc7f1910988900fbd51d0a5a97d4d1d1	TCGA-LUSC	TCGA-39-5024	TCGA-39-5024-01A	Primary Tumor
f9727ff4-edea-4890-a205-4dbba418b2af	baccc1e8-3600-4bce-ba51-b9e670d05200.methylation_array.sesame.level3betas.txt	13157014	0be86352681ab9d1f2ee030906fa4485	TCGA-LUSC	TCGA-39-5027	TCGA-39-5027-01A	Primary Tumor
a4bbc8f7-3a4d-421b-984d-1dc3552fd600	ce2f4e9e-a15d-4484-92c7-37e44a5816bd.methylation_array.sesame.level3betas.txt	13146195	f3e5ba006e6c3c5f47c7cdc89c6f2730	TCGA-LUSC	TCGA-39-5028	TCGA-39-5028-01A	Primary Tumor
152a7655-0f8a-4cb4-9a78-0a5640c96eae	b36e8142-846c-42a1-be64-16c492f11391.methylation_array.sesame.level3betas.txt	13144899	645d3626211440dd8fee96fd9a05660a	TCGA-LUSC	TCGA-39-5028	TCGA-39-5028-11A	Solid Tissue Normal
9f2577a1-a861-413f-b7cd-c271b6168c2b	00fd6e73-182f-49db-a7c6-b2e0364aaf8a.methylation_array.sesame.level3betas.txt	13122034	be6ff42f643d58a3b7efaa7973d4ebca	TCGA-LUSC	TCGA-39-5029	TCGA-39-5029-01A	Primary Tumor
3d7525db-2ffa-4e8d-926c-914cb0931bd7	06240ef7-4276-4d67-bea5-1f7ca620101f.methylation_array.sesame.level3betas.txt	13200520	14b0ca1d047c419038ae87c50d88b2f2	TCGA-LUSC	TCGA-39-5029	TCGA-39-5029-11A	Solid Tissue Normal
ea417ea9-1c12-497c-aaf7-dffb78f9ba72	8df62435-7c75-431d-8986-ff63f037a745.methylation_array.sesame.level3betas.txt	13180657	06a7fb9313bdc9d03594fb6c5300994f	TCGA-LUSC	TCGA-39-5030	TCGA-39-5030-01A	Primary Tumor
d7b6804b-d3b0-4943-92de-d153d2df788b	6feb3183-3352-4895-b083-297a417862ae.methylation_array.sesame.level3betas.txt	13159454	20236b715edd4b5cac97d117dc982cc7	TCGA-LUSC	TCGA-39-5030	TCGA-39-5030-11A	Solid Tissue Normal
69da0990-7d31-423a-b380-04f150842c9b	fc3e5c0e-3482-4337-9938-3ba06824a648.methylation_array.sesame.level3betas.txt	13171694	facbd32dd7c652ceebc98bc1f2087f22	TCGA-LUSC	TCGA-39-5031	TCGA-39-5031-01A	Primary Tumor
f6805829-d3f0-49bd-a3ea-ec21cc46ed72	1b91bf83-ff5c-427d-8917-72a457fa792a.methylation_array.sesame.level3betas.txt	13147314	b446ce5b7a3d48f8b7a2e1ef7b446e2b	TCGA-LUSC	TCGA-39-5031	TCGA-39-5031-11A	Solid Tissue Normal
cebea584-8085-4df4-a473-fe3600e705ec	b85ebac2-2e34-4517-807c-229b0ffb6211.methylation_array.sesame.level3betas.txt	13179640	967ccf3a147b74be86b31a12ee2287a9	TCGA-LUSC	TCGA-39-5034	TCGA-39-5034-01A	Primary Tumor
2f95c7f4-3466-4eb8-8b65-eae995fccced	758052c8-66dc-43ce-b3cf-fd513c1dc170.methylation_array.sesame.level3betas.txt	13145764	01f67526e331d05126cb61862be67a45	TCGA-LUSC	TCGA-39-5034	TCGA-39-5034-11A	Solid Tissue Normal
c702300c-862d-45f1-9875-f06fdd2753d0	cea6f3bb-2d98-4169-a443-c216b69d8cd7.methylation_array.sesame.level3betas.txt	13067950	53dc9160f5fd6303bda5f47cca1fe11d	TCGA-LUSC	TCGA-39-5035	TCGA-39-5035-01A	Primary Tumor
cf3a90bb-287f-4fe5-abb9-16f5796f9bb2	3dc83b3e-61f6-49c3-8736-5dca3ca4fedb.methylation_array.sesame.level3betas.txt	13157231	b35ccdb0fa438c52ecd3cc24486197b2	TCGA-LUSC	TCGA-39-5035	TCGA-39-5035-11A	Solid Tissue Normal
7e3319de-527d-4ae0-83ce-dc25271cc6fc	675cbd36-b13d-441e-9a41-ccd5cb625f70.methylation_array.sesame.level3betas.txt	13109451	a6893b7c9e9a3ad7f11373fd8b9f6366	TCGA-LUSC	TCGA-39-5036	TCGA-39-5036-01A	Primary Tumor
2bd52697-16a5-475c-a2b6-5607f85c25be	33573fa8-9b9a-4269-ba7a-ed4a5873e076.methylation_array.sesame.level3betas.txt	13198907	3e1c444ffd8f7554d342fd98f0777fb1	TCGA-LUSC	TCGA-39-5036	TCGA-39-5036-11A	Solid Tissue Normal
8f59aae7-43fc-4288-a859-dd48a7a2d191	b947f1ff-389d-4817-bac4-23ae03161407.methylation_array.sesame.level3betas.txt	13154344	82153939205434c7836ca5e2b039a34e	TCGA-LUSC	TCGA-39-5037	TCGA-39-5037-01A	Primary Tumor
1dd46606-ec95-4664-a01e-0c05d0956859	9f7a3a74-8373-4577-aaf6-906e8f83203e.methylation_array.sesame.level3betas.txt	13190082	6f056d362108e5c4a3e88f15b16aff2f	TCGA-LUSC	TCGA-39-5037	TCGA-39-5037-11A	Solid Tissue Normal
a2d1e4df-2286-4074-bed8-6096c82d3a8c	157d74a3-6609-4075-8c00-2255c5a55ccf.methylation_array.sesame.level3betas.txt	13170329	f87521699d659bfec9ed9be3b7433579	TCGA-LUSC	TCGA-39-5039	TCGA-39-5039-01A	Primary Tumor
c729dd0f-1927-432c-815b-49e87cdc147b	a231eb90-5e6a-47ca-82f1-a96d09a3f6d3.methylation_array.sesame.level3betas.txt	13189715	14ee16eb348b65151b7cdcd2d2f2a7e3	TCGA-LUSC	TCGA-39-5039	TCGA-39-5039-11A	Solid Tissue Normal
4057579d-524b-4149-ba22-e40e1ecb43de	17430527-337e-48c0-b47c-5069364d1c7b.methylation_array.sesame.level3betas.txt	13181957	a423cdc650b624f47dfe14d32a6f78ab	TCGA-LUSC	TCGA-39-5040	TCGA-39-5040-01A	Primary Tumor
bf880129-b42a-4817-9ea8-389fdd61392a	754bfb54-75ac-4f0a-86b9-162e3b08e35b.methylation_array.sesame.level3betas.txt	13101162	3806adb255a5b0823d2be613f97e3c7b	TCGA-LUSC	TCGA-43-3394	TCGA-43-3394-11A	Solid Tissue Normal
aa9a0879-093a-4f89-ac5c-384be41abd86	8bd9a69b-32c8-4a32-bdab-03cf051e818b.methylation_array.sesame.level3betas.txt	13046367	a472bf2764d0bdc25341f38bce6cba17	TCGA-LUSC	TCGA-43-3920	TCGA-43-3920-11B	Solid Tissue Normal
14b99e79-e139-4fec-a2a8-03a9839c4d7f	18568228-619f-4491-8b01-af22d4968a4d.methylation_array.sesame.level3betas.txt	13210477	2cb619cc15cdcc7e4138256e32b7eac8	TCGA-LUSC	TCGA-43-5668	TCGA-43-5668-01A	Primary Tumor
43091ce4-b110-4099-a3ef-c43b8f53f9d8	e9be6bc4-977e-471c-9dab-9de7ec31c873.methylation_array.sesame.level3betas.txt	13191586	68c95e42e96b24f281dcf926d8e7cd21	TCGA-LUSC	TCGA-43-5668	TCGA-43-5668-11A	Solid Tissue Normal
179478a2-0921-4531-99c4-87dcf2e58134	a187b33e-d7e0-4d15-ac57-6efb1bf5483f.methylation_array.sesame.level3betas.txt	13171725	95902fe60c6da7ffe5507a17f1f6630d	TCGA-LUSC	TCGA-43-5670	TCGA-43-5670-01A	Primary Tumor
3b856e51-9144-485f-ab82-1c166db9f069	0812bb99-70f7-46db-8048-b334d0ef5154.methylation_array.sesame.level3betas.txt	13061922	c9d244f7a4710daba214dee34248c7cb	TCGA-LUSC	TCGA-43-6143	TCGA-43-6143-01A	Primary Tumor
046ce95f-6cff-40af-badc-9f2603a17035	f30e9fcc-42f3-46f9-b92a-a28a470e0bb2.methylation_array.sesame.level3betas.txt	13165659	a0d764b132839c3afce68c1027f964b7	TCGA-LUSC	TCGA-43-6647	TCGA-43-6647-01A	Primary Tumor
181ba443-8c76-42bc-b267-bff0ad89b288	dbf6759b-c2b6-48d9-a74b-5b0891acf26e.methylation_array.sesame.level3betas.txt	13050630	f694babeea94ca66d1b80aae5be05a97	TCGA-LUSC	TCGA-43-6770	TCGA-43-6770-01A	Primary Tumor
4fbd861e-9fdb-432d-8833-015473d231dd	60e55b7f-1d6b-4d5b-8073-0a1dbb0f955b.methylation_array.sesame.level3betas.txt	13190485	945e7f98dce3b75e58dcd6f5c0a48428	TCGA-LUSC	TCGA-43-6771	TCGA-43-6771-01A	Primary Tumor
03e47729-61e1-41b9-91ba-dab83262ce55	9182e5fe-a4b5-48e3-ba98-31a63effddcb.methylation_array.sesame.level3betas.txt	13186734	d898e786f7445ede5ce27723d6815467	TCGA-LUSC	TCGA-43-6771	TCGA-43-6771-11A	Solid Tissue Normal
a81e2a04-d5ec-4c41-9c3e-2e1e14a842a1	b830bce5-b09d-4377-8f9f-b0ec73e265a2.methylation_array.sesame.level3betas.txt	13166206	f26b66ff0e90b7785d436eca0ede9aeb	TCGA-LUSC	TCGA-43-6773	TCGA-43-6773-01A	Primary Tumor
e838db50-2f83-4e1d-a7ad-c148e9462522	f99dea12-2201-48fd-b8bf-8f70133b6290.methylation_array.sesame.level3betas.txt	13189358	7db196a51ced124a2ac4d0e64e8fe6cb	TCGA-LUSC	TCGA-43-7656	TCGA-43-7656-01A	Primary Tumor
e3359322-a1e3-4774-a4b1-979d1afd2a59	db15dd82-94f5-4165-a7f5-44dbaa460cd6.methylation_array.sesame.level3betas.txt	13177661	97b937301e896039e4bf5b30bb93e841	TCGA-LUSC	TCGA-43-7657	TCGA-43-7657-01A	Primary Tumor
1d9d68e2-0f95-44e7-85ff-453b46934e9e	0b5c31a5-3595-4219-9d0d-5ca58a86d5bd.methylation_array.sesame.level3betas.txt	13168740	3dc853805d9fbcb165f4866f98d6e402	TCGA-LUSC	TCGA-43-7658	TCGA-43-7658-01A	Primary Tumor
bf061695-335e-4b1d-812e-e5417a90e3f5	cd271db4-f6b7-4a0a-bb6a-017f5bf6bfaa.methylation_array.sesame.level3betas.txt	13177806	2d6410e5479064845335d0e7e9483a59	TCGA-LUSC	TCGA-43-8115	TCGA-43-8115-01A	Primary Tumor
2fbf78c3-6ceb-4f87-a66b-1d076340c9e2	92871579-0b80-423f-8bcb-685c695f283f.methylation_array.sesame.level3betas.txt	13193334	7c3f9182f4e1e96b7095119bf8492f18	TCGA-LUSC	TCGA-43-8116	TCGA-43-8116-01A	Primary Tumor
5ec458ea-be07-47e4-a6f3-2fecbc167a6e	1cc91cea-d864-41fd-847d-89b0f039f825.methylation_array.sesame.level3betas.txt	13172398	663aa8761dea7d3e422f46f8e94c2110	TCGA-LUSC	TCGA-43-8118	TCGA-43-8118-01A	Primary Tumor
9665635c-e175-448e-a5cc-a13fb596c4e6	a430d30d-d7e0-45e3-ba84-deb13e3a5ce0.methylation_array.sesame.level3betas.txt	13014596	9b8b0987e02dfab52147afde14dbef88	TCGA-LUSC	TCGA-43-A474	TCGA-43-A474-01A	Primary Tumor
406e648d-6bc3-4391-92c8-4493df83644b	664f3fef-777f-42c6-b2b4-369a4a601142.methylation_array.sesame.level3betas.txt	12955731	ff35bd2491036628352dbc65ffd05273	TCGA-LUSC	TCGA-43-A475	TCGA-43-A475-01A	Primary Tumor
5ed74068-a66a-4a0d-9f34-d411b3fa1916	d12bfb84-7091-49db-a5c4-3a972db2e616.methylation_array.sesame.level3betas.txt	13170522	b9def2632d7f504e8207855bee469fe1	TCGA-LUSC	TCGA-43-A56U	TCGA-43-A56U-01A	Primary Tumor
c1cef7be-d178-4c5e-932a-e31022ac05df	59f1e527-dc14-48ee-8568-99c7c2b27acf.methylation_array.sesame.level3betas.txt	13164506	5270f45084e0319126356052c3b38904	TCGA-LUSC	TCGA-43-A56V	TCGA-43-A56V-01A	Primary Tumor
0ef5f92b-3aec-492b-9c28-2479c4b72c4c	a9083c6e-16f4-4a3e-907f-55e6f4fb9e45.methylation_array.sesame.level3betas.txt	13083103	a22192713fedddbdc86c852f6b614820	TCGA-LUSC	TCGA-46-6025	TCGA-46-6025-01A	Primary Tumor
200809dc-2520-4f44-b38c-7104af4ffd2f	b8070215-bcbe-4d5a-8f57-da663eab4e1e.methylation_array.sesame.level3betas.txt	13232110	04a3d9bdc3221fb864f0ba5c137bb3bd	TCGA-LUSC	TCGA-46-6026	TCGA-46-6026-01A	Primary Tumor
90f89796-33d7-4e05-9830-f0e51ee55756	5ccafec8-05bd-48da-8547-a85e48323512.methylation_array.sesame.level3betas.txt	13124115	de1cf9c534d6b4ef5b32a1fb2c52f147	TCGA-LUSC	TCGA-51-6867	TCGA-51-6867-01A	Primary Tumor
d6e41645-1810-4022-a685-209381061935	9c05da65-6e66-47f7-83b1-c83db4a7fe94.methylation_array.sesame.level3betas.txt	13185725	6c3762d5ea862a77238deb5619df3fd7	TCGA-LUSC	TCGA-52-7622	TCGA-52-7622-01A	Primary Tumor
d67bf4ef-0bc8-4722-ab27-4751c613824c	7d6dcf39-5a1e-48b0-a3b9-d4eb2c9b4ad6.methylation_array.sesame.level3betas.txt	13185210	39184f5676a0c6387ae7b930e01ee302	TCGA-LUSC	TCGA-52-7809	TCGA-52-7809-01A	Primary Tumor
876f4f25-ecca-488b-af75-e6e44198e7e7	b53f302d-5c71-4767-a2fc-db04c5b2bf50.methylation_array.sesame.level3betas.txt	13190061	58ffc0ad669ce0086b8ed5b86d38cd4c	TCGA-LUSC	TCGA-52-7810	TCGA-52-7810-01A	Primary Tumor
015da321-d6f6-40ab-aeb6-6bccd036d318	591657c4-6d84-4445-9411-a65fb978b805.methylation_array.sesame.level3betas.txt	13135674	ee9a0943460578ab8d42cfbcb016f5a1	TCGA-LUSC	TCGA-52-7811	TCGA-52-7811-01A	Primary Tumor
86cb8085-cd27-4c62-88b1-c338ae40ef8e	79737e35-9fe6-4a9f-a6ac-ea02be955896.methylation_array.sesame.level3betas.txt	13174652	fdf5d3a1a9254135f00bdc47694d4783	TCGA-LUSC	TCGA-52-7812	TCGA-52-7812-01A	Primary Tumor
32fc5cde-540c-4fae-b5d9-76ac8d41ef4c	483cf5e0-341b-4e21-8566-1fe645d5c5d9.methylation_array.sesame.level3betas.txt	13147430	8bd628b55c84f1d10056b633f813db6c	TCGA-LUSC	TCGA-56-5897	TCGA-56-5897-01A	Primary Tumor
7f84b330-ca46-4326-97b5-c3e29080c655	82d81b41-e622-460a-8561-8e5094af4135.methylation_array.sesame.level3betas.txt	13206769	4a4c3effecd33601d8be8054c79ff567	TCGA-LUSC	TCGA-56-5898	TCGA-56-5898-01A	Primary Tumor
b198653c-7a7d-4ce5-a1c1-19a819d593a1	b190349f-e9a9-4e73-bcd6-055882a82387.methylation_array.sesame.level3betas.txt	13165407	f7ede75f691264bf820c2952f04f3caf	TCGA-LUSC	TCGA-56-6545	TCGA-56-6545-01A	Primary Tumor
8f9b8d21-66d5-40fd-ac8a-979c9a602905	9a9eb543-23c0-4744-b056-477b7f5438f1.methylation_array.sesame.level3betas.txt	13162445	ccf0aa3aa1256f5e5b78a497d5463d00	TCGA-LUSC	TCGA-56-6546	TCGA-56-6546-01A	Primary Tumor
e224b4fd-d3eb-4a0b-a192-3ae5a08e57f6	6d62892e-769f-4517-94c7-4916ef2431b6.methylation_array.sesame.level3betas.txt	12786173	b3710fc24b99164b43804789770821bc	TCGA-LUSC	TCGA-56-7221	TCGA-56-7221-01A	Primary Tumor
2583c37d-1020-4cbf-a9ea-48eb5ba2c048	fe4664ca-ad94-41f8-9b9a-678a1e15cfe6.methylation_array.sesame.level3betas.txt	13108373	06dc9055d4fd26b42542b6de85ad9682	TCGA-LUSC	TCGA-56-7222	TCGA-56-7222-01A	Primary Tumor
53e9ed70-4009-4080-b16f-e3e44b0a9df7	d38af78e-a99f-467e-9d55-28aa050702d0.methylation_array.sesame.level3betas.txt	13133985	c07218a5c6b69559581a3b3a026c04a2	TCGA-LUSC	TCGA-56-7223	TCGA-56-7223-01A	Primary Tumor
2ac07887-95d3-416a-b480-2a4c73ca00c3	64848f05-87d5-45d5-be27-f648ae29efbf.methylation_array.sesame.level3betas.txt	13151978	2d40014f0967592324720b814b53224f	TCGA-LUSC	TCGA-56-7579	TCGA-56-7579-01A	Primary Tumor
6f1eaede-72da-47d1-bc5c-fc420f9b6255	0e26f183-ac80-4892-a360-45701d119b8c.methylation_array.sesame.level3betas.txt	13064169	a6ceec0161af2449eef5599032c64141	TCGA-LUSC	TCGA-56-7580	TCGA-56-7580-01A	Primary Tumor
7db82205-eccc-4546-91e4-42be8a2bd39c	dc6854e0-48b8-4aec-8a1c-e34df9476405.methylation_array.sesame.level3betas.txt	13114645	190e4bb25bba86aac27a8933d1ea4e6c	TCGA-LUSC	TCGA-56-7582	TCGA-56-7582-01A	Primary Tumor
cdd416af-a0e7-4ed3-a450-e86234c180b7	e5eecdb7-6605-4cc9-9625-40f9d09aaec0.methylation_array.sesame.level3betas.txt	13166659	66aae9703d67aa572a27b26cbf257a1b	TCGA-LUSC	TCGA-56-7730	TCGA-56-7730-01A	Primary Tumor
a131b51c-2250-4321-b1c3-e01f90e9154d	71186031-3d0b-42ba-945d-6ef60d00e2a1.methylation_array.sesame.level3betas.txt	13180338	b2cbda4d278b09ee50074d28430a1709	TCGA-LUSC	TCGA-56-7731	TCGA-56-7731-01A	Primary Tumor
91078a86-ef82-4b00-9653-92b73eb34f79	99e0dd91-2bd6-4889-a4ea-0c50e974cd7a.methylation_array.sesame.level3betas.txt	13185188	760b7f16d8a485146261b3ea289af928	TCGA-LUSC	TCGA-56-7822	TCGA-56-7822-01A	Primary Tumor
73aa36bd-0ac4-48b9-ab21-1470b7e1fef9	7f0fc070-22cc-40df-ae1a-2697ffdab21f.methylation_array.sesame.level3betas.txt	13070476	c2e1d12fb11d8a73e0f816ad4e922f1f	TCGA-LUSC	TCGA-56-7823	TCGA-56-7823-01B	Primary Tumor
21a7af7b-5287-46ec-b8bc-69e62b080936	c36f9eba-5d54-44fe-b357-1c3869e7a4c3.methylation_array.sesame.level3betas.txt	13012882	f07c1ffb84d4243c5659084fc5f4c772	TCGA-LUSC	TCGA-56-8082	TCGA-56-8082-01A	Primary Tumor
951afa11-6cbd-49d8-a25d-57f6f77cdaa4	00bd787c-a6cb-4f35-af8e-94528b7908f5.methylation_array.sesame.level3betas.txt	13106418	1953588409b244420a80836eefbdeac6	TCGA-LUSC	TCGA-56-8083	TCGA-56-8083-01A	Primary Tumor
d8b1a25a-5293-4578-b301-f80b356bd143	8a1b4629-c95e-408a-987c-e0ea16bbb652.methylation_array.sesame.level3betas.txt	13196376	35612904a2b2ee50e833fa1dfda7b8d1	TCGA-LUSC	TCGA-56-8201	TCGA-56-8201-01A	Primary Tumor
30d34720-6d4c-4b1f-b630-645ab417b5b7	4f1b3a82-ea47-45ca-a78b-1c6ad1645c92.methylation_array.sesame.level3betas.txt	12925802	b14130fb137f2931a96e940e7773d523	TCGA-LUSC	TCGA-56-8304	TCGA-56-8304-01A	Primary Tumor
c042d453-db40-45b5-b272-04327ea24e30	b8fbc9db-e9a8-4314-a4f5-b1e8dbf4c75f.methylation_array.sesame.level3betas.txt	12988198	fe70a9361864e6594354127a3ead6680	TCGA-LUSC	TCGA-56-8305	TCGA-56-8305-01A	Primary Tumor
beb12f8d-7889-4df5-babe-a41cbca94cf1	0639c0af-478e-4142-a545-dcfabc850b1d.methylation_array.sesame.level3betas.txt	13013630	2efeb5c702d86c5361dd4bf8215152c6	TCGA-LUSC	TCGA-56-8307	TCGA-56-8307-01A	Primary Tumor
f83208cc-deef-4be1-97a2-642c2fb819ee	e56420be-15d6-4e79-96f7-2f0a1a77c71b.methylation_array.sesame.level3betas.txt	13091727	0ac44fccaf0c88d88209404bbd8efcbd	TCGA-LUSC	TCGA-56-8308	TCGA-56-8308-01A	Primary Tumor
ef6294b3-6789-47cb-9732-3230448b2a58	b04c2f8c-398e-4cb9-9fff-4ddf3e511644.methylation_array.sesame.level3betas.txt	13134560	1258360a362d4111b282d20c09b2e438	TCGA-LUSC	TCGA-56-8309	TCGA-56-8309-01A	Primary Tumor
63fffe6c-1c39-4e48-bfd8-b270858566bf	044f5d9f-697b-4c0b-a17c-38bbe18ce36d.methylation_array.sesame.level3betas.txt	13184401	fb32fdb6958f092e1c309a6776656bd2	TCGA-LUSC	TCGA-56-8503	TCGA-56-8503-01A	Primary Tumor
c2047b79-694b-4433-ab8f-c3ee380565ec	4496af55-261f-4024-99c1-02f3b551138b.methylation_array.sesame.level3betas.txt	13184195	b4a152d56217431d8f29cad1106ebd6e	TCGA-LUSC	TCGA-56-8504	TCGA-56-8504-01A	Primary Tumor
a02a6ca5-1c81-403a-bf28-e946a15ad8d4	4b99bdae-92a9-496d-b7c3-9bcc0ca96e5b.methylation_array.sesame.level3betas.txt	13125283	ef597a28586b75e423ed0bae1df21d64	TCGA-LUSC	TCGA-56-8622	TCGA-56-8622-01A	Primary Tumor
188b7e2c-1e8f-4167-97c4-4f7c08b4c3f5	eb203cca-0786-4ee1-9427-2cae00c6785c.methylation_array.sesame.level3betas.txt	13181188	9401be1eca706c783db34bf65e4b6800	TCGA-LUSC	TCGA-56-8623	TCGA-56-8623-01A	Primary Tumor
a2e7f75b-e6b6-42d3-a6b8-6c84abf5b6ce	1f848f44-fd3c-4c8e-9eee-8b8fbf2ef89d.methylation_array.sesame.level3betas.txt	13198366	96d87751ec14394773849f4c950b3ba0	TCGA-LUSC	TCGA-56-8624	TCGA-56-8624-01A	Primary Tumor
5c0bc4ae-5cd1-452c-ba95-9ba91d5783f1	8e20f2ef-4686-47e4-9683-fc1fd415964d.methylation_array.sesame.level3betas.txt	13177635	5b312c33ca71020caccf32a14dfc3636	TCGA-LUSC	TCGA-56-8625	TCGA-56-8625-01A	Primary Tumor
fc6153cc-8d2b-49d7-aa24-ecabbd2bdde4	4b00b5bb-2ae8-4b6c-bdd0-39d37a62d1ee.methylation_array.sesame.level3betas.txt	13173434	7d7e8bd79d518ca845737d12a2c2fd7e	TCGA-LUSC	TCGA-56-8626	TCGA-56-8626-01A	Primary Tumor
8acde8e5-3c5f-4ba3-aa25-e888789d04ea	2dedafc5-49f5-4302-a4e6-b4d0895bb3e0.methylation_array.sesame.level3betas.txt	13193819	61c8ecc11039daf26c348a09d9a8b6ac	TCGA-LUSC	TCGA-56-8628	TCGA-56-8628-01A	Primary Tumor
481b77c4-f332-40d1-82c3-6780002a2f99	f1b55159-cd52-4d86-ac6f-8f8c94a65621.methylation_array.sesame.level3betas.txt	13159141	ca0776b0f36b3e663f197944a239fe98	TCGA-LUSC	TCGA-56-8629	TCGA-56-8629-01A	Primary Tumor
b8867c7b-4b46-4eff-b934-46f5318ce6b6	deb75b19-b638-4820-84ce-673c1e6f01aa.methylation_array.sesame.level3betas.txt	13035126	0eb9687d4184d17b7971971ba989e445	TCGA-LUSC	TCGA-56-A49D	TCGA-56-A49D-01A	Primary Tumor
d2e7f8e6-9aca-4388-b7fe-7eadaf5c692c	b21ebf14-6e01-4a39-9ed5-6e83c1a19641.methylation_array.sesame.level3betas.txt	12746200	547d4a0e721ac681a28a4d8cd7160442	TCGA-LUSC	TCGA-56-A4BW	TCGA-56-A4BW-01A	Primary Tumor
5e6a8f78-674f-4577-b818-37d99b94a2ca	8bfe3fe9-53ed-4c25-be54-72d734346f14.methylation_array.sesame.level3betas.txt	12818817	011caaa23705d6eed00e76e7af4342ca	TCGA-LUSC	TCGA-56-A4BX	TCGA-56-A4BX-01A	Primary Tumor
ee341cf8-f89e-4450-a4ad-670cc2629dea	d5fdcac8-7b2e-4520-ac76-0d098e395830.methylation_array.sesame.level3betas.txt	12844796	411bc77358072c1225ba490140b56b9c	TCGA-LUSC	TCGA-56-A4BY	TCGA-56-A4BY-01A	Primary Tumor
d8e3cc37-847b-49e1-8c07-5429d3a55117	baf62f5d-bbf8-402f-973e-be0e0e627053.methylation_array.sesame.level3betas.txt	13079474	86750188d19196128e440e023e5aeaf7	TCGA-LUSC	TCGA-56-A4ZJ	TCGA-56-A4ZJ-01A	Primary Tumor
ede43265-8f8a-4a76-972c-28620ae2f3d1	3af0ea07-445a-4786-b3c0-6bffb0ac5586.methylation_array.sesame.level3betas.txt	12856242	36032a495375229dc899ecff15e1e83f	TCGA-LUSC	TCGA-56-A4ZK	TCGA-56-A4ZK-01A	Primary Tumor
4d2a38df-1688-4c08-8a96-451f9018a30e	8d7e1cf5-9da1-4356-bfa3-5c1a62135cd6.methylation_array.sesame.level3betas.txt	13134429	e807d95fa5b69bec10530053788aa8bf	TCGA-LUSC	TCGA-56-A5DR	TCGA-56-A5DR-01A	Primary Tumor
e29c11c2-65dd-45ef-a6db-5ff35477b4e6	b17eaac4-43f9-4661-be86-43bee3a08087.methylation_array.sesame.level3betas.txt	13126406	62c06bde17f8f3782e08583ebee21db3	TCGA-LUSC	TCGA-56-A5DS	TCGA-56-A5DS-01A	Primary Tumor
daadc09f-7e0e-4d42-88ee-6c5dcf8693bb	98cd6c53-a755-4591-947c-81b7d36573d4.methylation_array.sesame.level3betas.txt	12599359	200ad925b219b4dd155352c2a10f2471	TCGA-LUSC	TCGA-56-A62T	TCGA-56-A62T-01A	Primary Tumor
c468a45e-df50-429b-958e-a60d0219f7c5	7a9b7b1c-a153-4be5-9c53-af4cc6ed7050.methylation_array.sesame.level3betas.txt	13116974	4770ac34abcf071b13a719f1d754dbc7	TCGA-LUSC	TCGA-58-8386	TCGA-58-8386-01A	Primary Tumor
d9d85289-8b77-4597-b706-2eba212ae541	2ad609fc-941d-4aa3-8561-7f4d3bf6269e.methylation_array.sesame.level3betas.txt	12910171	0ad58cfee8c40221fe35bbda3ee791cf	TCGA-LUSC	TCGA-58-8387	TCGA-58-8387-01A	Primary Tumor
bdb7b8a2-dc9a-4e39-a3ac-0c8d62540736	7be4c077-0b34-48fb-a001-6a137f72dde1.methylation_array.sesame.level3betas.txt	13165038	bc59c8ca6f76f3c9ce8744471e680068	TCGA-LUSC	TCGA-58-8388	TCGA-58-8388-01A	Primary Tumor
b45b6f39-b4f9-4ea1-9e28-0377742ab6f8	228b8b63-9dac-4c34-9874-428cc0b26566.methylation_array.sesame.level3betas.txt	13109757	f3415b5d8b4c2fe688e981668d2ca259	TCGA-LUSC	TCGA-58-8390	TCGA-58-8390-01A	Primary Tumor
576cd1e2-6cdc-4239-8add-6ed79773a349	d3633ff8-433d-4ca7-9d14-4d295033474e.methylation_array.sesame.level3betas.txt	12990678	ebf65fc1116bf315e7280e8d735df410	TCGA-LUSC	TCGA-58-8391	TCGA-58-8391-01A	Primary Tumor
6f047bd6-1cc5-43f3-897f-a7e9e5916a9f	0455cfcf-f986-4662-98a9-1f092d3228dd.methylation_array.sesame.level3betas.txt	12900654	12ef6288a1fab9da8cfff78d8848192d	TCGA-LUSC	TCGA-58-8392	TCGA-58-8392-01A	Primary Tumor
d88872a7-6eb8-4c29-bde2-3fa3e537835d	41a0f94f-7eaf-4e28-a44f-992246086f6f.methylation_array.sesame.level3betas.txt	13091349	4ce09a4e7ad1aa07ca9dfeb376aa7182	TCGA-LUSC	TCGA-58-8393	TCGA-58-8393-01A	Primary Tumor
5794d878-b808-4bdf-8adc-34d807e652f6	9fa7e9fd-5250-43a5-8b85-8a8bb86ce0d7.methylation_array.sesame.level3betas.txt	12931419	b973c85f98895ef1832233c90ef48e55	TCGA-LUSC	TCGA-58-A46J	TCGA-58-A46J-01A	Primary Tumor
42574a93-7220-411d-adde-f98a08061af6	a80a43e2-f99f-4fcf-866c-ffa714f67613.methylation_array.sesame.level3betas.txt	13101674	57ab23696e4302389dfbecaf46403be0	TCGA-LUSC	TCGA-58-A46K	TCGA-58-A46K-01A	Primary Tumor
8b697951-5ad0-47c8-b39f-8a46f914b8dc	bf7cb9d1-d899-4039-a2ea-c08ba4b0a6ed.methylation_array.sesame.level3betas.txt	12803310	5e3bc1246a6398d0e16d0975e4b4caf1	TCGA-LUSC	TCGA-58-A46L	TCGA-58-A46L-01A	Primary Tumor
00118460-0c9d-4bf4-888a-3b76d2c067f5	66bf3ace-b7fe-4b00-ac72-eecefcbe1093.methylation_array.sesame.level3betas.txt	13044686	abe833e60000faca02ef661f87164703	TCGA-LUSC	TCGA-58-A46M	TCGA-58-A46M-01A	Primary Tumor
488f0a6f-1485-419b-958f-be9ae9eab317	cd46383c-d35d-48a3-bf3d-0f547f1ba914.methylation_array.sesame.level3betas.txt	12956131	9a4e2f29486b242d007e543ce18c0e49	TCGA-LUSC	TCGA-58-A46N	TCGA-58-A46N-01A	Primary Tumor
c4b98614-21b3-405a-9ece-39509bcee38c	a6d195ae-0ac2-4fc1-815e-725e398e8f8c.methylation_array.sesame.level3betas.txt	13183409	d654d68b705ec4f907c23c61dcd9238d	TCGA-LUSC	TCGA-60-2697	TCGA-60-2697-01A	Primary Tumor
95e879ea-d385-44eb-9b6d-2bae84df57c7	fbf3319b-e854-4dd5-abc2-138058fe4f2d.methylation_array.sesame.level3betas.txt	13159837	4ab2a32293585b085ccb0f7d90c60551	TCGA-LUSC	TCGA-60-2703	TCGA-60-2703-01A	Primary Tumor
5cc39881-6efa-4a5d-a817-f04cb045edad	9779f4fe-140a-4e02-9a4b-53891ab155d8.methylation_array.sesame.level3betas.txt	13172167	27b1e0d6489d748ad176777056a74ab3	TCGA-LUSC	TCGA-60-2704	TCGA-60-2704-01A	Primary Tumor
a7e94c5e-08ba-4565-8655-3e0b250083d1	be214704-af69-4f32-b3b4-462b2894dece.methylation_array.sesame.level3betas.txt	13189082	4ca30996999a7a3826efd467ed7a16a9	TCGA-LUSC	TCGA-60-2709	TCGA-60-2709-01A	Primary Tumor
1531b3b8-db30-41ba-be9f-6cd2cbef3115	d36db2c5-0080-4e63-9dc9-483a86003e6b.methylation_array.sesame.level3betas.txt	13095282	0391bb8fa4eec9e1a50304ccb1448d39	TCGA-LUSC	TCGA-63-5128	TCGA-63-5128-01A	Primary Tumor
edbe86b5-b516-4420-97af-0865037a991f	b0cf5efb-b58b-4683-90b8-4dec1d582e42.methylation_array.sesame.level3betas.txt	13142813	4429a0fe69c2d7490379299a2d6501e5	TCGA-LUSC	TCGA-63-5131	TCGA-63-5131-01A	Primary Tumor
e56e03bd-7c63-4c8c-a196-47310c794a1f	c07ae775-966c-4d09-9bd6-acd330160647.methylation_array.sesame.level3betas.txt	13163969	9e1bebabdbc554839b89f0a0fb71fca3	TCGA-LUSC	TCGA-63-6202	TCGA-63-6202-01A	Primary Tumor
2473879f-064b-4394-8710-a32646d2994f	3f9aeb78-31fb-4f43-8bfb-6056fa68867f.methylation_array.sesame.level3betas.txt	13173746	0a655ad3fbbcb1a54e645fa50259553f	TCGA-LUSC	TCGA-63-7020	TCGA-63-7020-01A	Primary Tumor
108026cc-df33-460a-866b-1d566d59e507	71ab4c91-6142-48aa-8cd3-59964d4e3d30.methylation_array.sesame.level3betas.txt	13191481	0ec13809665c9a1427fadcec359e2e94	TCGA-LUSC	TCGA-63-7021	TCGA-63-7021-01A	Primary Tumor
0bc338ae-0af8-4f4c-910f-05b7117bc390	97c7f4c3-c1e2-4de4-9727-b1debd8a96e7.methylation_array.sesame.level3betas.txt	13154151	7843992349664fb09d7100e33483e38f	TCGA-LUSC	TCGA-63-7022	TCGA-63-7022-01A	Primary Tumor
6c574043-af67-4324-bbda-9b7dfde9430d	08ce3cf1-8137-4d4f-8e78-4b2d46b423bc.methylation_array.sesame.level3betas.txt	13152096	93091be564e5b42e5c5d4861a3a016ca	TCGA-LUSC	TCGA-63-7023	TCGA-63-7023-01A	Primary Tumor
9359ab26-a604-4478-9b4f-21044898e091	20cda155-f310-4c37-8c40-5093d715facf.methylation_array.sesame.level3betas.txt	13175484	a39303630337e61862498faef107b864	TCGA-LUSC	TCGA-63-A5M9	TCGA-63-A5M9-01A	Primary Tumor
03ba6108-7d8f-43a5-b540-4c65c3cc78a4	0df94d8f-76ff-4821-b3d6-9349ae3ab345.methylation_array.sesame.level3betas.txt	13154103	34b28ffeb9a84e71b0f99b184df05763	TCGA-LUSC	TCGA-63-A5MB	TCGA-63-A5MB-01A	Primary Tumor
950e5ec8-5806-4857-b12a-da692000c324	ce093c36-4f6d-4c59-b36b-eb32a9542efd.methylation_array.sesame.level3betas.txt	13121872	b6bdc33e27ea845979db8e7f19c89eca	TCGA-LUSC	TCGA-63-A5MG	TCGA-63-A5MG-01A	Primary Tumor
554f083e-06d9-40f2-8ae9-595094ea5d99	827fbd9d-017d-4d06-bd89-d06669b2e027.methylation_array.sesame.level3betas.txt	13018840	c9e931bf019c9f42fc6c730a00965127	TCGA-LUSC	TCGA-63-A5MH	TCGA-63-A5MH-01A	Primary Tumor
4eb79c6c-ba32-4fd4-9a46-f58d14832daa	810bae8f-5f61-48dc-a005-7f00e3e984c2.methylation_array.sesame.level3betas.txt	13071933	4e93b42acf212b4d8ad88417e6c9e924	TCGA-LUSC	TCGA-63-A5MI	TCGA-63-A5MI-01A	Primary Tumor
ef68e81d-3b1c-4407-b68c-63bc1954fddb	9518cdcf-2ff0-4c6d-b33b-8f99b7398d1a.methylation_array.sesame.level3betas.txt	13058241	e39f1ebb3956b2d296b25245e24ae8b6	TCGA-LUSC	TCGA-63-A5MJ	TCGA-63-A5MJ-01A	Primary Tumor
005507e0-a9f1-4d88-8d87-d10d5fdd5e69	2817d25e-5bea-48a3-a85b-908150d3c3b1.methylation_array.sesame.level3betas.txt	13165589	357716f48202e79f62ddc0d4dea7929e	TCGA-LUSC	TCGA-63-A5ML	TCGA-63-A5ML-01A	Primary Tumor
638dbb4a-8a72-443b-8afa-15f1e680a2b1	7627c2f4-d0d3-427e-8af0-abca6c1e5ccc.methylation_array.sesame.level3betas.txt	13165582	9bce6e95dba0404e75c36d6cc67b70cf	TCGA-LUSC	TCGA-63-A5MM	TCGA-63-A5MM-01A	Primary Tumor
bdf2cd9c-0cef-4cc5-9f33-48be03678dff	a8e5aa50-bc7a-4caf-82ae-bb9e481ecc76.methylation_array.sesame.level3betas.txt	13138087	655a5ddbffe493022fba73adea6372d0	TCGA-LUSC	TCGA-63-A5MN	TCGA-63-A5MN-01A	Primary Tumor
28451145-0084-40ab-8d33-2193a354d4ee	3c4b23d6-0755-4b1b-963d-7d73eae4e321.methylation_array.sesame.level3betas.txt	13144556	5f49ad8f1ab06da38fb247eab1ca58f8	TCGA-LUSC	TCGA-63-A5MP	TCGA-63-A5MP-01A	Primary Tumor
3ec3774f-7726-46ac-9eae-089643b7ccd8	4027e3ab-4fed-40b3-a7a9-f54b2f27f265.methylation_array.sesame.level3betas.txt	13159976	eae78a274727dc62fcf36333debf9ad1	TCGA-LUSC	TCGA-63-A5MR	TCGA-63-A5MR-01A	Primary Tumor
6a733d7e-e02a-407b-8808-777b68a15a2f	3b4bb6a3-2b94-49a7-9be1-c2a59ee43fb5.methylation_array.sesame.level3betas.txt	13156648	12a5212f28b39e06d71896b6a03111ba	TCGA-LUSC	TCGA-63-A5MS	TCGA-63-A5MS-01A	Primary Tumor
9812a86c-c279-4edb-8eb5-a7d4f27be57a	74cf1db3-416c-43fa-aed2-d0fe9e2234be.methylation_array.sesame.level3betas.txt	13157672	808b667b4c8549b22c1623f58b3efd2f	TCGA-LUSC	TCGA-63-A5MT	TCGA-63-A5MT-01A	Primary Tumor
e045dc71-c4d6-48ca-a86c-6778c8f79269	f6d18943-4bdd-40b1-ac5a-4e89a9312125.methylation_array.sesame.level3betas.txt	13126158	8111c854a53da505d98a881c5ec37a5b	TCGA-LUSC	TCGA-63-A5MU	TCGA-63-A5MU-01A	Primary Tumor
10d8ebbe-ac51-4de1-bc74-360221a0a402	e2d41f36-cbc7-4d95-b352-b204832182ac.methylation_array.sesame.level3betas.txt	13138268	6bd7221221ab597be92be307da964a3d	TCGA-LUSC	TCGA-63-A5MV	TCGA-63-A5MV-01A	Primary Tumor
f8d5dad8-89cb-4f3d-8148-b84e7493a520	1804f718-0631-40fb-9589-5358367af4ce.methylation_array.sesame.level3betas.txt	13046725	82a716fb2da6baf5f33f196e716a88f9	TCGA-LUSC	TCGA-63-A5MW	TCGA-63-A5MW-01A	Primary Tumor
8aba1c86-675a-4957-ad77-9317f11deb86	46059dac-6402-4644-9fc8-c80ef95efcc3.methylation_array.sesame.level3betas.txt	13142157	c354472d3e917a0bf8f220b989fd06be	TCGA-LUSC	TCGA-63-A5MY	TCGA-63-A5MY-01A	Primary Tumor
c02096d2-3cb9-49ac-8efe-3d1b94272914	793f9ac6-4ff7-433d-b4d6-e507368e8f54.methylation_array.sesame.level3betas.txt	13164120	9cf7e1b19aefaf7f87831db43dc325ca	TCGA-LUSC	TCGA-68-7755	TCGA-68-7755-01A	Primary Tumor
1ab5bd1a-f828-46ff-a4be-71302e9c343e	7c7d1437-9e3a-4df9-9cd0-6e92bd9a99cf.methylation_array.sesame.level3betas.txt	13178668	9a4c5d182de196ecc94e9bfe7aa65fff	TCGA-LUSC	TCGA-68-7756	TCGA-68-7756-01A	Primary Tumor
de6c2d73-687c-46b0-a452-bce0570f9fba	6da7e111-d693-46c4-aec7-800bf0504112.methylation_array.sesame.level3betas.txt	13069324	506114c848b526bc5944b5772f9fbddd	TCGA-LUSC	TCGA-68-7757	TCGA-68-7757-01B	Primary Tumor
53acd9d7-15a9-4f5f-bd32-8df72935fc36	158533bf-5d1f-443f-877b-0040f124f8fb.methylation_array.sesame.level3betas.txt	12595003	9b1c19cef477099aafda77201b75c8a7	TCGA-LUSC	TCGA-68-8250	TCGA-68-8250-01A	Primary Tumor
b5ed1284-9148-4d1a-9fcb-6ec8470eea73	4e28d6c7-4f74-4588-810e-7c7cdeeadf89.methylation_array.sesame.level3betas.txt	13140099	48efb03b45285306e2583a2c3b5c99d8	TCGA-LUSC	TCGA-68-8251	TCGA-68-8251-01A	Primary Tumor
e9950355-9484-45f3-94f3-f2176c57f4d8	79c71c13-c2da-4517-88c7-5f4de22bd0ec.methylation_array.sesame.level3betas.txt	13186896	475189ee0dfa8c157cc1c94c43b36c0b	TCGA-LUSC	TCGA-68-A59I	TCGA-68-A59I-01A	Primary Tumor
7c0aa8fa-8189-4d10-92f3-cc088d505a1e	1ceb4845-c00c-4a65-ae70-4c8b3c9e39aa.methylation_array.sesame.level3betas.txt	13162144	2048ab8c5cef2ea1b1bd4621af70b003	TCGA-LUSC	TCGA-68-A59J	TCGA-68-A59J-01A	Primary Tumor
275d3368-19f8-43af-8e03-dc571628b1ac	e8165976-cce1-4979-98f8-f4b72438a5f6.methylation_array.sesame.level3betas.txt	12612977	e1cc76b0b18f1be66b429cfd840ca3ae	TCGA-LUSC	TCGA-6A-AB49	TCGA-6A-AB49-01A	Primary Tumor
ce8f21bf-efe6-497f-8478-75f65e6df750	1f0457be-ba61-4c17-a0ef-b48cd4c0ab7c.methylation_array.sesame.level3betas.txt	13077299	f0e3dde5bdb618474ff7d29c03968be8	TCGA-LUSC	TCGA-70-6722	TCGA-70-6722-01A	Primary Tumor
bf99f6cf-bbc5-477a-b53d-d2b17dfb0fb7	2a7770b5-f98b-43b6-8b50-eeadd3547dac.methylation_array.sesame.level3betas.txt	13089943	f060fcccc6999ecd8b476e747f7d99fb	TCGA-LUSC	TCGA-70-6723	TCGA-70-6723-01A	Primary Tumor
446f2041-4f51-4f88-a7c8-dd4fda5e079a	3aaac450-2451-45b4-a6b4-7100af0b48c7.methylation_array.sesame.level3betas.txt	13180450	aced6af1e7829ba28da0c440fbe1e53a	TCGA-LUSC	TCGA-77-6842	TCGA-77-6842-01A	Primary Tumor
6456f54c-7f42-475b-b2e8-b036329a4df0	c37d77b9-5805-49e6-b0e4-50510394cb94.methylation_array.sesame.level3betas.txt	13157606	5f451a040c2527741c24b9c6c86de5cf	TCGA-LUSC	TCGA-77-6843	TCGA-77-6843-01A	Primary Tumor
e910e613-a213-47d2-8ba8-54de5d3277ef	7bc47138-2366-4584-8f52-41dbb2bf22e6.methylation_array.sesame.level3betas.txt	13171045	e6e03d3f4e13c67067835e0ce49491ac	TCGA-LUSC	TCGA-77-6844	TCGA-77-6844-01A	Primary Tumor
c8b152f8-5749-45d5-a85a-e6dfc1ed7037	1338be7a-ade6-47ef-9db8-02c647f7cdf7.methylation_array.sesame.level3betas.txt	13076653	ffbc7b2099594eb16a7d0016eae25344	TCGA-LUSC	TCGA-77-6845	TCGA-77-6845-01A	Primary Tumor
02dc0520-f646-486c-888c-364b83cb95ba	c43dfd93-97d4-4662-880b-6efd2bc996ce.methylation_array.sesame.level3betas.txt	13147570	4928cadfa2542ff3b9059c238f728de2	TCGA-LUSC	TCGA-77-7138	TCGA-77-7138-01A	Primary Tumor
2e90ccd8-45e3-4a11-8840-36ad4073e088	f5dee426-d33d-4bf8-a7ae-a52b1e37cc70.methylation_array.sesame.level3betas.txt	12817422	b7f53b5de94081c9da9485f236f916cb	TCGA-LUSC	TCGA-77-7139	TCGA-77-7139-01A	Primary Tumor
e381067c-c29e-48a0-840e-466820f4e41b	555ebc95-336c-48a0-ad9b-05c5a3e6d99c.methylation_array.sesame.level3betas.txt	13137066	ae7093575d45c70fd62a5b38beb3c690	TCGA-LUSC	TCGA-77-7140	TCGA-77-7140-01A	Primary Tumor
50e16ef7-62c5-4e0d-8672-5d968b529365	0e154cbf-1f4e-4a52-8dd4-ad1c5ca7ed44.methylation_array.sesame.level3betas.txt	13170488	873340f973843bbb19947e62f81a9b47	TCGA-LUSC	TCGA-77-7141	TCGA-77-7141-01A	Primary Tumor
57d5a79c-7e1a-4237-ac93-7e0a0a689f09	b98e8565-db2b-4a93-8803-7bc23d27c07c.methylation_array.sesame.level3betas.txt	13144431	343ea156a47ff424bf2166d7b61f55ca	TCGA-LUSC	TCGA-77-7142	TCGA-77-7142-01A	Primary Tumor
987b67e0-e251-4b92-addd-9b684782cdfe	624c5bf5-e32e-4db8-81ef-f503034e3913.methylation_array.sesame.level3betas.txt	13142269	e9f51d25568e76e1865dcc6bb803622b	TCGA-LUSC	TCGA-77-7335	TCGA-77-7335-01A	Primary Tumor
78bf9a7a-020e-4654-9bf6-ff9040dcde43	3fb74dc3-94af-43fe-a47c-fb934f4a9c1b.methylation_array.sesame.level3betas.txt	12963260	dd8503937ee2d929b7d025a684b6425b	TCGA-LUSC	TCGA-77-7337	TCGA-77-7337-01A	Primary Tumor
05102895-cdf1-45db-a2ad-52aaa3aef9d7	cd70b17a-cdc1-407d-93c5-2ac6d63624a3.methylation_array.sesame.level3betas.txt	13168792	58ec87059a47bebca7f645b3720fa658	TCGA-LUSC	TCGA-77-7338	TCGA-77-7338-01A	Primary Tumor
ddb93cad-c5c2-4132-9d82-8b5a0f137e71	48401b2f-1c52-41c5-8668-f1f02c0b2829.methylation_array.sesame.level3betas.txt	13067737	143e8b7fee2f2f45922ca3fc643092bd	TCGA-LUSC	TCGA-77-7463	TCGA-77-7463-01A	Primary Tumor
98df1f11-d0e9-4e0e-b1e8-1229142ec484	97682c75-49c6-4cd1-815b-61e6a3980028.methylation_array.sesame.level3betas.txt	13147366	9e9bf8f6914b1a90bfd2e794e13f0782	TCGA-LUSC	TCGA-77-7465	TCGA-77-7465-01A	Primary Tumor
5562d5b6-709b-4e42-90ed-223800f9f639	ebe5ec89-0a81-47aa-a664-6e5a1fa02add.methylation_array.sesame.level3betas.txt	13146844	5d73c8266bea65cf3c3b75c0d11e3663	TCGA-LUSC	TCGA-77-8007	TCGA-77-8007-01A	Primary Tumor
cd6e0dd7-0270-442b-8ecb-941e063d760d	e8a90ff1-359e-4a05-9406-eb9e3cf57535.methylation_array.sesame.level3betas.txt	13104533	09755af57e6d773e4b983beddcbccf04	TCGA-LUSC	TCGA-77-8008	TCGA-77-8008-01A	Primary Tumor
9a655850-87c3-477a-9338-9c26660fde1a	770114aa-fd72-4b87-b924-f055abff85e1.methylation_array.sesame.level3betas.txt	13094142	a0711723f987c092839c4679bb811f00	TCGA-LUSC	TCGA-77-8009	TCGA-77-8009-01A	Primary Tumor
a9339481-0782-45fc-b9fe-7f1ec0348548	86e23a8b-4e61-4aa9-a181-bd8b4d8f44d5.methylation_array.sesame.level3betas.txt	13167895	dfe2fc0040f0279e0edc749a3ac08836	TCGA-LUSC	TCGA-77-8128	TCGA-77-8128-01A	Primary Tumor
1e61e577-e8f5-453d-955a-fef620646684	9778b049-1ed3-4b5c-a175-27794be51771.methylation_array.sesame.level3betas.txt	13160886	5c319b7c5438a5239f109e75faac87f5	TCGA-LUSC	TCGA-77-8130	TCGA-77-8130-01A	Primary Tumor
5d87e67c-1059-443d-b7dd-50340c73be5b	9747d22a-3527-49d5-807d-01082a5c7ff9.methylation_array.sesame.level3betas.txt	13163724	a50cfbc5e6a4e20c4fc1f34c38ab3ae3	TCGA-LUSC	TCGA-77-8131	TCGA-77-8131-01A	Primary Tumor
63ac7751-a3e9-412b-9be9-9ceddce7cd03	1efcae4f-07a8-409c-8148-c59b03ec1956.methylation_array.sesame.level3betas.txt	13179705	e23ad9369f13cfe0ff5c2214ecf718ff	TCGA-LUSC	TCGA-77-8133	TCGA-77-8133-01A	Primary Tumor
e5de28f3-d9bb-48ca-95af-2ef034ea13d0	c6edf4e5-bc50-4108-8b8d-aa63eecf7c61.methylation_array.sesame.level3betas.txt	13187603	9110864fd04654510357220c6b0ef59f	TCGA-LUSC	TCGA-77-8136	TCGA-77-8136-01A	Primary Tumor
96aeeafb-bd58-49a6-8c11-d662ac9cd490	ec820e74-4001-4399-a29a-d88bc684e286.methylation_array.sesame.level3betas.txt	13192876	983cc42505f2e80c001abd003b011c23	TCGA-LUSC	TCGA-77-8138	TCGA-77-8138-01A	Primary Tumor
96f520cc-51a4-4830-84b8-143df6445476	ea3788c6-42d1-445d-9b19-5ed700f372cd.methylation_array.sesame.level3betas.txt	13062853	c832342680110675665e0e647b44d13d	TCGA-LUSC	TCGA-77-8139	TCGA-77-8139-01A	Primary Tumor
6008e239-db01-4cbb-b2ad-c86612689878	618a6ba5-6525-4592-b6e8-b8e671f4f674.methylation_array.sesame.level3betas.txt	13146664	1d7b26b27f78caf2e0ac8ccf223aaeea	TCGA-LUSC	TCGA-77-8140	TCGA-77-8140-01A	Primary Tumor
e671beb8-6844-42b8-9465-ffaba89db592	eb746bf6-6ca4-40c6-aa2a-3183972b5bf2.methylation_array.sesame.level3betas.txt	13028358	7c4ef7a984c3fef765152db9fa3b03c3	TCGA-LUSC	TCGA-77-8143	TCGA-77-8143-01A	Primary Tumor
f2395384-2d1d-4289-818f-b15ab6268175	d29cdb16-8684-489c-8863-93314484c4ac.methylation_array.sesame.level3betas.txt	13204602	d07b8b053af3a26b25ffe530a76227f2	TCGA-LUSC	TCGA-77-8144	TCGA-77-8144-01A	Primary Tumor
82c62d10-c9fc-45a6-8d9c-c4528448e23b	d467c91e-dd84-48ed-bbf9-6365a6d629eb.methylation_array.sesame.level3betas.txt	13194677	b99d0302f170999db11d726237309faf	TCGA-LUSC	TCGA-77-8145	TCGA-77-8145-01A	Primary Tumor
cdc2095f-7eff-4cb1-b38d-ff753b6e6e39	a73852f1-7b1f-488c-beff-0b7da149e4b2.methylation_array.sesame.level3betas.txt	13185907	6025b526c75f025178bff02b0c44846b	TCGA-LUSC	TCGA-77-8146	TCGA-77-8146-01A	Primary Tumor
97f9a662-5878-40c1-8cc3-530de96386eb	3d345985-6d88-4c35-b6d9-732d1eac7e39.methylation_array.sesame.level3betas.txt	13149226	e6e459cd3c015f78f4e56ba1f36974e0	TCGA-LUSC	TCGA-77-8148	TCGA-77-8148-01A	Primary Tumor
189c9734-fe04-4fbb-9ece-b2402ad9a58c	5c0eeb68-cf77-4260-b4f2-1aa3488330bb.methylation_array.sesame.level3betas.txt	13060578	fff86ac8715a92994216fa8484b3baf6	TCGA-LUSC	TCGA-77-8150	TCGA-77-8150-01A	Primary Tumor
e4817e38-8b3d-4a09-a803-3ee4cc4c8d39	d25ebc94-11e8-43ab-8e5d-49b351308e4f.methylation_array.sesame.level3betas.txt	13144290	d2085eb8ac3faedcde5aa99fc506d9d3	TCGA-LUSC	TCGA-77-8153	TCGA-77-8153-01A	Primary Tumor
1b45fc38-0dba-4cb9-8098-7ad8d85fa1e3	5fc82e22-105a-49b6-96f2-841361e0673b.methylation_array.sesame.level3betas.txt	13068885	3c94d5c8a86b364535c45ed2dc56e2fd	TCGA-LUSC	TCGA-77-8154	TCGA-77-8154-01A	Primary Tumor
66814d13-797a-463e-a3d7-c9462c18e2ce	74b0529f-970b-442c-b44e-39e4d1bdb963.methylation_array.sesame.level3betas.txt	13124762	c738aeb0aa806d7ecee7bbd2d960cfb0	TCGA-LUSC	TCGA-77-8156	TCGA-77-8156-01A	Primary Tumor
850145dd-6106-4014-bafa-2ac6d5adb95c	8f11cc8b-7281-4877-be95-d8cb5048576a.methylation_array.sesame.level3betas.txt	13171842	e0b7c0ce929d34868fe4a3a331c42264	TCGA-LUSC	TCGA-77-A5FZ	TCGA-77-A5FZ-01A	Primary Tumor
cab91c3b-92c1-4637-9c47-4e7319a9cd35	3681a1b6-b87b-41a9-b772-8ae415e5f433.methylation_array.sesame.level3betas.txt	13146759	1e223ffb103a001e2fc7443ebc163c2a	TCGA-LUSC	TCGA-77-A5G1	TCGA-77-A5G1-01A	Primary Tumor
2a5fe7d3-5ec5-42ef-98dc-4bb4778b8125	a2f7030b-fcae-4635-be92-30b6dfec86a4.methylation_array.sesame.level3betas.txt	13114065	256ccf1236cc6cefba798455f04248df	TCGA-LUSC	TCGA-77-A5G3	TCGA-77-A5G3-01A	Primary Tumor
6cf8ada5-7d3c-4697-bc46-27cdcbb57f63	cbead012-b54d-4250-8a5a-418f78aa03a3.methylation_array.sesame.level3betas.txt	13118961	4591006bb1d242daba379258aade7402	TCGA-LUSC	TCGA-77-A5G6	TCGA-77-A5G6-01A	Primary Tumor
dc1f5872-eca1-4d7d-b2f2-c446c45c71bd	a420f26c-8414-40ab-8739-61588976685f.methylation_array.sesame.level3betas.txt	13155833	e9edcb6a8864e7c3b155381e039d37f7	TCGA-LUSC	TCGA-77-A5G7	TCGA-77-A5G7-01B	Primary Tumor
12be9eec-b902-48f5-a927-1dd75a891813	4aea96df-32d9-4d99-9cff-4f8c0430cc69.methylation_array.sesame.level3betas.txt	13128745	30036bf9eb9e0430819906db85dfcb24	TCGA-LUSC	TCGA-77-A5G8	TCGA-77-A5G8-01B	Primary Tumor
6732bb77-4a7d-4f2a-908a-03ef789c3e93	b8566114-08dc-47e7-a4c3-abc9ba65f541.methylation_array.sesame.level3betas.txt	13145611	31e6f29c97c1cec9de6284afddcc73db	TCGA-LUSC	TCGA-77-A5GA	TCGA-77-A5GA-01A	Primary Tumor
491df4f4-6309-4f3d-baab-aadc68789a7a	52e65833-63ee-4a30-8667-20f8f5a70c93.methylation_array.sesame.level3betas.txt	13147246	07b1dac7fef6f652f893bdacad84492c	TCGA-LUSC	TCGA-77-A5GB	TCGA-77-A5GB-01B	Primary Tumor
29f10c5e-4f8a-437c-8c9a-edbda7356eb1	264b3362-fd65-40d5-93da-9c6082566980.methylation_array.sesame.level3betas.txt	13114543	c78a165ffeb073c875245a15318bbe02	TCGA-LUSC	TCGA-77-A5GF	TCGA-77-A5GF-01A	Primary Tumor
9ddbbbb7-88df-4bc9-b3cd-e524e13f93ac	e9f107c6-8c49-4d24-8a6c-a2dfc134fc4e.methylation_array.sesame.level3betas.txt	13113539	bb22b7c3706d67887e33086e1b172c7f	TCGA-LUSC	TCGA-77-A5GH	TCGA-77-A5GH-01A	Primary Tumor
148ab15e-bb83-4f9e-9fed-9c3576431b2a	31f1424a-6eec-4588-b8a9-a1b17c3003f8.methylation_array.sesame.level3betas.txt	13175711	26923145bcd8715b0cd51e8997f0c1b5	TCGA-LUSC	TCGA-79-5596	TCGA-79-5596-01A	Primary Tumor
f76c924c-030c-458f-918d-95c847f2c41e	0b125791-f817-4a42-bb3e-ff94f5eb452c.methylation_array.sesame.level3betas.txt	13133018	733581f0a6ba3b9201735eec7b84d024	TCGA-LUSC	TCGA-85-6175	TCGA-85-6175-01A	Primary Tumor
32d93e58-9289-4e34-aae1-0e35836bf8a6	ec6100bd-1fdc-432f-a522-d3904b6024fe.methylation_array.sesame.level3betas.txt	13185633	f0219f8bd64cd13e5fdb4e7aeb4e39f4	TCGA-LUSC	TCGA-85-6560	TCGA-85-6560-01A	Primary Tumor
d59f6637-923a-4bc6-86a6-cc5922f29702	7d06c79d-44e6-4e25-b0a8-37ccc2a32e9d.methylation_array.sesame.level3betas.txt	13162955	20ace534d4915369307b5a6eb141aa8a	TCGA-LUSC	TCGA-85-6561	TCGA-85-6561-01A	Primary Tumor
f138831c-a06e-4893-be52-81ecbb5a009c	5c3bcfcb-4383-4e92-9c13-ddb7ea533d96.methylation_array.sesame.level3betas.txt	13171572	726c4a3e3f533b5163cae2b531e483fc	TCGA-LUSC	TCGA-85-6798	TCGA-85-6798-01A	Primary Tumor
f10303ae-0246-46db-8b0a-20eb35f3db2d	80938303-836b-422a-bae6-4517f5b77d15.methylation_array.sesame.level3betas.txt	13188596	2223d8cdd92229b3c079b0220d9c4e9d	TCGA-LUSC	TCGA-85-7696	TCGA-85-7696-01A	Primary Tumor
0eea41c6-ba3e-41b2-bebd-139742df5c84	574c6e72-7d7c-4685-b2fe-c313198255f8.methylation_array.sesame.level3betas.txt	13197500	1565d9130ea1f252e1e51dbc0875a986	TCGA-LUSC	TCGA-85-7697	TCGA-85-7697-01A	Primary Tumor
205c169e-c681-4417-ac74-4d859ba365ee	30a69a5e-a963-4683-910a-891cbca0a335.methylation_array.sesame.level3betas.txt	13181251	25fac70f2d9993de1d66fd4bb40bd37c	TCGA-LUSC	TCGA-85-7698	TCGA-85-7698-01A	Primary Tumor
13996428-ee82-4cef-9abf-f67bba98f6c8	447c791f-6a13-4d81-9ed5-09e2c0299a60.methylation_array.sesame.level3betas.txt	13168919	e0431ab7dae2041694890171dd6011d0	TCGA-LUSC	TCGA-85-7699	TCGA-85-7699-01A	Primary Tumor
fd468bf2-b849-4690-b6ab-c16a23c38532	cf79ed41-86d6-4f4a-b522-dbcae1867fac.methylation_array.sesame.level3betas.txt	13167889	8504fbf3fdbcd1db048c9ff17ee1339a	TCGA-LUSC	TCGA-85-7710	TCGA-85-7710-01A	Primary Tumor
6e97c319-3410-4a83-ad50-77afa507b0e8	1eafea7b-2d4a-4b2f-b405-7ae90765df9b.methylation_array.sesame.level3betas.txt	13174370	0888832e6515665af4a0310ab66cc214	TCGA-LUSC	TCGA-85-7843	TCGA-85-7843-01A	Primary Tumor
038ed3f1-7478-4f07-9769-fa2313e5444d	a1ab5573-ae1b-4d2e-b406-ab5136c02a49.methylation_array.sesame.level3betas.txt	13186100	7a0b2b845c40db859ee3fb8a0551e77f	TCGA-LUSC	TCGA-85-7844	TCGA-85-7844-01A	Primary Tumor
e9174f7d-b831-444a-b799-0d2250ce77ad	7541e55a-e2d5-4101-9de6-00d483a43fb8.methylation_array.sesame.level3betas.txt	13099838	fd836c7853f8f8ef1fdb8977a70d0e84	TCGA-LUSC	TCGA-85-7950	TCGA-85-7950-01A	Primary Tumor
39dac7b6-c5c9-4531-a0a6-df3a0e4e1650	1c929360-1261-41ac-a7b8-e9b4e0143f2c.methylation_array.sesame.level3betas.txt	13183193	e4d46f26568de3155b40f4d76d4b8759	TCGA-LUSC	TCGA-85-8048	TCGA-85-8048-01A	Primary Tumor
da533cbd-9df1-4f2f-afc6-c1a951b776f0	14d1c89e-7dca-43e0-8881-7cad4e724888.methylation_array.sesame.level3betas.txt	13188561	dc2247504c5ed97955d18327ea5c84dc	TCGA-LUSC	TCGA-85-8049	TCGA-85-8049-01A	Primary Tumor
3daef962-d559-4a0a-8622-088e6baa56a3	f0889e1d-26b0-4a54-90fd-4ce05b5daa8f.methylation_array.sesame.level3betas.txt	13192271	19a7256d877df794c340c3d55dcc4839	TCGA-LUSC	TCGA-85-8052	TCGA-85-8052-01A	Primary Tumor
28a14af1-ab9c-4f14-8c3f-c535a75366fc	6d6fbf8b-ed3e-4fb8-bab9-4ec6b550434d.methylation_array.sesame.level3betas.txt	13122008	abe44a3eab7aa2390d76d0106aba9ee3	TCGA-LUSC	TCGA-85-8070	TCGA-85-8070-01A	Primary Tumor
1230cf62-a0dd-410d-b203-00667e3f7a40	7c8fef93-4d40-4ac3-b241-dfb10de8c90e.methylation_array.sesame.level3betas.txt	13190703	effd81b0742b5e1102dc1ef51f6536c2	TCGA-LUSC	TCGA-85-8071	TCGA-85-8071-01A	Primary Tumor
7b0e043e-8a79-40e3-9f5d-32603f6c5b16	26e1fc55-be82-48d8-9a5d-501333acd3a6.methylation_array.sesame.level3betas.txt	13165165	2b6c248d4311996fbcc471a0712b31b3	TCGA-LUSC	TCGA-85-8072	TCGA-85-8072-01A	Primary Tumor
9cf1a9b9-ed80-4d94-ac0d-73b65589c8de	c15451a6-df0c-4954-8c48-b2dcc7f5e27d.methylation_array.sesame.level3betas.txt	13145802	77d6c541ffdcd1b87762627c6c80993f	TCGA-LUSC	TCGA-85-8276	TCGA-85-8276-01A	Primary Tumor
7900bce2-be94-44fb-b559-1df0482236a0	402d052c-53f0-4574-8d3d-be09cbb9c601.methylation_array.sesame.level3betas.txt	12613082	1c573a4656ca1eb54c36fe1ba90c72c5	TCGA-LUSC	TCGA-85-8277	TCGA-85-8277-01A	Primary Tumor
deace5bc-fcd2-4a35-bcd9-86b9016cc37b	824f5281-5e9c-4bf9-92bc-583fed772627.methylation_array.sesame.level3betas.txt	13146394	0d91e4a50dcb1d32b4a129f700d60b80	TCGA-LUSC	TCGA-85-8287	TCGA-85-8287-01A	Primary Tumor
1f0635f6-ae7a-40d3-98d0-f109cadcb98a	8aaf1333-4088-45a4-90ee-f568181532cd.methylation_array.sesame.level3betas.txt	13114980	a363c77effef94dc120525c30ce5fc87	TCGA-LUSC	TCGA-85-8288	TCGA-85-8288-01A	Primary Tumor
c19c4e6c-8a1d-41e0-b12a-b0ecd04f9748	536081ef-aaae-4a3d-9543-0df976435918.methylation_array.sesame.level3betas.txt	13058205	1b15e49dba2a97219d42d64cd9db2a51	TCGA-LUSC	TCGA-85-8350	TCGA-85-8350-01A	Primary Tumor
2b0745cb-060a-425c-8ee7-d382ad010fb9	aea94fde-06d1-434e-9638-cdebb6a45ac2.methylation_array.sesame.level3betas.txt	13160605	8e30ae1191314a6a3261f0ec2d72a53f	TCGA-LUSC	TCGA-85-8351	TCGA-85-8351-01A	Primary Tumor
21190027-02c7-406a-857e-442cdb091f99	06f6708a-d4a5-4bd6-9943-759f7fb65449.methylation_array.sesame.level3betas.txt	13036622	b97d6e0dcb4a44edc57adc31cbe405c5	TCGA-LUSC	TCGA-85-8352	TCGA-85-8352-01A	Primary Tumor
5a16fd5d-26b9-47fc-b4b8-cd837b3215a1	9cb5156c-d382-4baa-a946-715622d4b21e.methylation_array.sesame.level3betas.txt	12832011	bc3ca1fc53fcedb725543a5c3cde1adc	TCGA-LUSC	TCGA-85-8353	TCGA-85-8353-01A	Primary Tumor
6a109ce0-9322-4581-9d45-fee9547de708	907182ca-97e4-42ec-839b-bc9d9e36e212.methylation_array.sesame.level3betas.txt	13078627	c25bba133ff19c7416bfa10e832104a9	TCGA-LUSC	TCGA-85-8354	TCGA-85-8354-01A	Primary Tumor
32249d2c-1bd5-48aa-b230-acd169c2465d	749249d4-9528-464b-a941-9abd1d752fb2.methylation_array.sesame.level3betas.txt	12898569	d95076f0413abca6c344737a05c76f1f	TCGA-LUSC	TCGA-85-8355	TCGA-85-8355-01A	Primary Tumor
5ed6c238-9e93-484e-a9bd-9653a129ea27	f33b9490-0e31-4929-a558-680e644081d7.methylation_array.sesame.level3betas.txt	13064626	81507ac955cd7eb5b89187d0bd614547	TCGA-LUSC	TCGA-85-8479	TCGA-85-8479-01A	Primary Tumor
dd25bbe9-1c4f-49aa-8353-868d1c782f98	003ef420-3fa7-436a-880d-9aaff12921aa.methylation_array.sesame.level3betas.txt	12974823	a1735709551cb50ea90fd543f34165ba	TCGA-LUSC	TCGA-85-8481	TCGA-85-8481-01A	Primary Tumor
457d7ce9-2d31-4b79-bd95-2395f1aa4514	8031ef79-cdc5-4a82-8ffd-6a920c713af5.methylation_array.sesame.level3betas.txt	13162566	5e1dce03f331bb1d61413702b70aec42	TCGA-LUSC	TCGA-85-8580	TCGA-85-8580-01A	Primary Tumor
14c6110d-759d-4f42-9cf9-2fbb914dbff4	bfdcf2b6-d23e-45d7-b71d-b7a03e4ded3e.methylation_array.sesame.level3betas.txt	13166167	c21f28cf33c4d146b43e5b304bdd8073	TCGA-LUSC	TCGA-85-8582	TCGA-85-8582-01A	Primary Tumor
035e4da4-cbe3-441a-a6b6-5d98c733eb8c	a1fc5d51-274f-4b35-a7d3-25e695957c0f.methylation_array.sesame.level3betas.txt	13175231	ab20f4400b374819886a90eec95d44c3	TCGA-LUSC	TCGA-85-8584	TCGA-85-8584-01A	Primary Tumor
1d13f35b-6fe6-4539-8005-cd20dcba99de	ae474e0d-4b37-47cf-941d-6f356158c230.methylation_array.sesame.level3betas.txt	13141437	6a62641ccf2437ef6f3bc415a4597a5b	TCGA-LUSC	TCGA-85-8664	TCGA-85-8664-01A	Primary Tumor
5da0abca-aace-4311-8266-4c452b5cac68	76881c72-ee48-4803-9667-2247d48efa56.methylation_array.sesame.level3betas.txt	13124467	d0f305d3288d36ed6b86fb6b2fe113ca	TCGA-LUSC	TCGA-85-8666	TCGA-85-8666-01A	Primary Tumor
dc75c6a0-e514-44ed-abe7-b497bf6b8cde	aa50a27d-c527-451b-bb4c-db0c47ef0e23.methylation_array.sesame.level3betas.txt	13182657	204669f402c0af54aa7c12b4e054d870	TCGA-LUSC	TCGA-85-A4CL	TCGA-85-A4CL-01A	Primary Tumor
8f62d8af-db90-45aa-a839-5c7b1953a0ad	91dd8804-23b5-4391-bc20-c3dbb0ea5019.methylation_array.sesame.level3betas.txt	12852457	63794db86555fb57a1c03098abb6d05b	TCGA-LUSC	TCGA-85-A4CN	TCGA-85-A4CN-01A	Primary Tumor
7cb027bb-97db-4109-866c-0947a646bfed	256de23b-358c-4e9d-8f9b-f3f359f1229c.methylation_array.sesame.level3betas.txt	13086121	aa991aba8f86138f2871ba8a98bc16cf	TCGA-LUSC	TCGA-85-A4JB	TCGA-85-A4JB-01A	Primary Tumor
5237c1b7-e081-4226-9e15-1861f92ddc9a	630e3dea-0ce0-4000-87e4-ca503eda2a05.methylation_array.sesame.level3betas.txt	13157480	57442c4225da13d2afbf7db4e17ed641	TCGA-LUSC	TCGA-85-A4JC	TCGA-85-A4JC-01A	Primary Tumor
6b5ff8a4-0660-47a8-ab62-171d69b52485	93247db7-6afc-4887-8cd9-9d26870abccf.methylation_array.sesame.level3betas.txt	13168324	72a9925f45c1816c114d96e40a1e0122	TCGA-LUSC	TCGA-85-A4PA	TCGA-85-A4PA-01A	Primary Tumor
0bde4f32-b0ce-472f-851a-b4571916b502	21d77f2e-29b3-4799-adc9-a0fe3acf7373.methylation_array.sesame.level3betas.txt	13079329	a6e937f6321295665c48af27138e16e7	TCGA-LUSC	TCGA-85-A4QQ	TCGA-85-A4QQ-01A	Primary Tumor
7294132e-1994-4809-bb48-3906677f2dd1	19b7e51b-e40f-4cf0-a135-53a0181aa7ae.methylation_array.sesame.level3betas.txt	13074923	633443d8656929ca19e49a9cd1c8df19	TCGA-LUSC	TCGA-85-A4QR	TCGA-85-A4QR-01A	Primary Tumor
eb0935d6-15ae-4a17-841c-d89a3e8cb3ef	4a70d625-1917-478d-b7ae-47cdbd8af9fa.methylation_array.sesame.level3betas.txt	12923227	e17ba49508ddd4e90df07f608b13395c	TCGA-LUSC	TCGA-85-A50M	TCGA-85-A50M-01A	Primary Tumor
986ffbc5-2eda-40c3-83f2-5947b80b57dd	93312d25-eae5-4937-9c19-cd3f397cf0f8.methylation_array.sesame.level3betas.txt	13072119	426d6b5b2f5218967d8f4b8ddedda9a8	TCGA-LUSC	TCGA-85-A50Z	TCGA-85-A50Z-01A	Primary Tumor
751d4356-6ae9-4bf9-a94b-d37df8da4a3a	ea0a3b7b-5434-4813-8e78-83040ffe8ea9.methylation_array.sesame.level3betas.txt	13146734	d931bcd73e2aa293c39c487f99148433	TCGA-LUSC	TCGA-85-A510	TCGA-85-A510-01A	Primary Tumor
d7c7c37c-d241-4e61-a0b7-5b5ea1c9dea5	a295e9f7-f671-461b-9507-4d4074161546.methylation_array.sesame.level3betas.txt	12743071	b15a0fae3dd0ce781df98a55e044ac35	TCGA-LUSC	TCGA-85-A511	TCGA-85-A511-01A	Primary Tumor
59c49f29-309c-4cf3-9c7d-188a16c83f81	7fc5fee8-f7e2-4333-b4cc-da405b163a43.methylation_array.sesame.level3betas.txt	13154800	19ad7735828e85ba5840aea4d0f112a1	TCGA-LUSC	TCGA-85-A512	TCGA-85-A512-01A	Primary Tumor
647f3318-b936-4655-8c0d-80ca71107bd2	64c98210-9372-410e-ab8f-4c6aeab5555e.methylation_array.sesame.level3betas.txt	13164019	eda5e2471210763e3cf571a98016cc99	TCGA-LUSC	TCGA-85-A513	TCGA-85-A513-01A	Primary Tumor
881581db-c139-4f74-9c20-b5b9ea3bdc9a	8d36b072-ccb1-4aea-9d7b-059c2aebe2b1.methylation_array.sesame.level3betas.txt	13171339	aa27afabf2195793ee2348f1f4f0bec4	TCGA-LUSC	TCGA-85-A53L	TCGA-85-A53L-01A	Primary Tumor
708c8c3e-0a9a-481e-8197-8a1f259959a8	00a10bf0-fb34-4dd4-ab03-5ac63baeaa12.methylation_array.sesame.level3betas.txt	13130482	f420bef9b42a63df94b2857116612b98	TCGA-LUSC	TCGA-85-A5B5	TCGA-85-A5B5-01A	Primary Tumor
f0c330e2-3c81-4b8f-8fda-3f98af0e2837	4d77d63f-c988-4645-95e1-11005ac0ca4b.methylation_array.sesame.level3betas.txt	13163487	a830ac70024f66fc44f144ccdc209958	TCGA-LUSC	TCGA-90-6837	TCGA-90-6837-01A	Primary Tumor
db24cdab-9d17-40a4-9484-5ee39c39ecda	488060a0-01a0-434c-9f09-746cd1c1da0c.methylation_array.sesame.level3betas.txt	13131148	9869137c4de67b55a87fe673fdb6f490	TCGA-LUSC	TCGA-90-7766	TCGA-90-7766-01A	Primary Tumor
122ef3ba-c334-4fcf-9751-55dae1ef9ed9	33b8ab49-3317-43ed-b224-758df85861ec.methylation_array.sesame.level3betas.txt	13177710	c866dce83b3a80567a2bc731c63fae9d	TCGA-LUSC	TCGA-90-7767	TCGA-90-7767-01A	Primary Tumor
1ab1a61c-6022-4371-8381-f6b0bb6ea9ac	fcd4ce56-6614-41c3-81b8-f8a6e3139d49.methylation_array.sesame.level3betas.txt	13169536	20101b72317fa507dc793a568cbd64f7	TCGA-LUSC	TCGA-90-7769	TCGA-90-7769-01A	Primary Tumor
11bb770b-66de-4093-89e2-c1e1fa387cbf	9d5623d9-1e4d-4986-8b68-08b36c5f4a75.methylation_array.sesame.level3betas.txt	13113294	f183515bc85d2cf4e81f5d0ff777b32e	TCGA-LUSC	TCGA-90-7964	TCGA-90-7964-01A	Primary Tumor
6ba9d219-b1a8-4bd4-bb40-d48381137b1e	a27046f0-5dd0-4531-872f-b262648e4a2a.methylation_array.sesame.level3betas.txt	13102549	344d5bb45d8e03fab944c227d6a97ba6	TCGA-LUSC	TCGA-90-A4ED	TCGA-90-A4ED-01A	Primary Tumor
38207ee9-eb6a-49c5-8122-7e59e1f93e03	ac9cab87-decf-4d47-8859-3e45e9d3ac7b.methylation_array.sesame.level3betas.txt	13128172	bc20252aeff1830253bba6c2b69d9d41	TCGA-LUSC	TCGA-90-A4EE	TCGA-90-A4EE-01A	Primary Tumor
f60e7774-e34a-4d42-a31c-78898d36aa05	2777cbca-e708-49aa-925e-e6c6d49bc4ba.methylation_array.sesame.level3betas.txt	13177507	9efebcbeb819c8c9dffdb688c17fdf21	TCGA-LUSC	TCGA-90-A59Q	TCGA-90-A59Q-01A	Primary Tumor
8328888f-c079-482b-acc4-3e629d4a612e	39073e42-62cf-4c73-a423-b0f8bd2606bb.methylation_array.sesame.level3betas.txt	12962316	ac9bc445d5261f551316e67a4ae3a4db	TCGA-LUSC	TCGA-92-7340	TCGA-92-7340-01A	Primary Tumor
29141ef8-025b-4987-b6a4-c57dc2886bb8	40aaa256-f69b-43b7-92da-1e8f0a4b4e40.methylation_array.sesame.level3betas.txt	13095726	de17e9ee8dd431cd3b6707cb77cae3ed	TCGA-LUSC	TCGA-92-7341	TCGA-92-7341-01A	Primary Tumor
cc3e867e-e5a9-413f-a17b-f097e31c1ba6	7282a128-cdbb-4e66-b93b-f65e1801866a.methylation_array.sesame.level3betas.txt	13192279	f5b3ce2234293d0dc41780c7bee72e35	TCGA-LUSC	TCGA-92-8063	TCGA-92-8063-01A	Primary Tumor
64b2fdbc-0c54-4409-91e1-a8f14e2be736	5e2969ea-6b25-46eb-a49b-fc7442d6db9a.methylation_array.sesame.level3betas.txt	13155543	8420f59f23410cd53b1a4f1e74fe15e7	TCGA-LUSC	TCGA-92-8064	TCGA-92-8064-01A	Primary Tumor
20d100bd-ff1e-4ea7-8df6-b6a262d03591	cf55a051-efc0-4374-a2ab-8678439606ac.methylation_array.sesame.level3betas.txt	13182927	edcf333dca9841b228dc285de25521f8	TCGA-LUSC	TCGA-92-8065	TCGA-92-8065-01A	Primary Tumor
c8896ca1-8119-41c9-9e52-ed688379f843	3637c5e0-50e8-4c1f-877a-8da6a66bdf8f.methylation_array.sesame.level3betas.txt	13194856	7d4ef30d295c9e70974e7cd9a92470e4	TCGA-LUSC	TCGA-94-7033	TCGA-94-7033-01A	Primary Tumor
658df6ef-2fdf-4187-af65-8a83890fc3d6	446c69ef-f962-4807-b369-26573d544afb.methylation_array.sesame.level3betas.txt	13196332	fdcde934e0a574e17d90ed2c7f3055ed	TCGA-LUSC	TCGA-94-7557	TCGA-94-7557-01A	Primary Tumor
f6db86f3-032b-4e09-aa90-c703ddc6f79a	fd694767-5f25-4bf9-981f-c5668c628084.methylation_array.sesame.level3betas.txt	13071010	40f4391166cacda7786e1e5684303294	TCGA-LUSC	TCGA-94-7943	TCGA-94-7943-01A	Primary Tumor
bff636c4-6c25-4363-9aae-83ba6720149f	8a88c75e-26c9-42ff-b1c3-059acd040f30.methylation_array.sesame.level3betas.txt	13204635	3e5f254d262ab2bc448095a7ca9c550c	TCGA-LUSC	TCGA-94-8035	TCGA-94-8035-01A	Primary Tumor
8a2f15e5-f3fe-44e9-96e1-4f42c9accd23	f07d2f52-a66a-48bd-ad7d-56ace6307696.methylation_array.sesame.level3betas.txt	13081666	a1affb9968b935db40e31a238ca8f152	TCGA-LUSC	TCGA-94-8490	TCGA-94-8490-01A	Primary Tumor
0af11359-3241-44d6-a1c1-8fbe1d6395d4	660f21d6-37b2-437f-b8fd-64c841fd4802.methylation_array.sesame.level3betas.txt	13099525	d02ef1fc34bc412c5d6486342667c1b7	TCGA-LUSC	TCGA-94-8491	TCGA-94-8491-01A	Primary Tumor
52072d2f-326c-4fd7-a346-0c289e2de349	d6f33fea-0577-452e-bb56-0e2c6cc0a2cf.methylation_array.sesame.level3betas.txt	13102523	b9629668a3be0181c3b12a3e4f1e54f2	TCGA-LUSC	TCGA-94-A4VJ	TCGA-94-A4VJ-01A	Primary Tumor
3a9d7adc-dd6d-4320-bad1-17a20449ef39	4ba0901c-52e5-4684-b628-0d2d38ecf2b6.methylation_array.sesame.level3betas.txt	13170386	e21107f69118414e8d115c2cb79de15d	TCGA-LUSC	TCGA-94-A5I4	TCGA-94-A5I4-01A	Primary Tumor
71594266-57b0-48b9-88ad-7d830f328b64	78d2e2d5-9452-48ad-828d-99dc2168c451.methylation_array.sesame.level3betas.txt	13154501	c5ffe1fa748c727a98af22d20ceed15e	TCGA-LUSC	TCGA-94-A5I6	TCGA-94-A5I6-01A	Primary Tumor
35fc57ef-5a05-487e-8cbe-de8186053ad7	57e911b0-d54c-4202-b879-47d05143a085.methylation_array.sesame.level3betas.txt	13149954	4d38bfe646c1611c185539ea42c77aef	TCGA-LUSC	TCGA-96-7544	TCGA-96-7544-01A	Primary Tumor
4f1df227-7d8c-4e86-8b8b-f7c59929227f	7a4f04c7-ffaf-41f8-b2ce-6be5bff31e89.methylation_array.sesame.level3betas.txt	13152981	03660d84cfff337c9f0c2534810a19bf	TCGA-LUSC	TCGA-96-7545	TCGA-96-7545-01A	Primary Tumor
4fc34a1b-454e-4053-8d9d-0b022b2bd293	56da6dfd-1eb5-4a65-b08d-cc28c015b4bb.methylation_array.sesame.level3betas.txt	12930667	f176d995c188cd932614da737ef15015	TCGA-LUSC	TCGA-96-8169	TCGA-96-8169-01A	Primary Tumor
72720e7e-e20c-4d00-9c05-ad9762f93b31	99c03e8f-0511-45fd-97e8-a9108c6d95ae.methylation_array.sesame.level3betas.txt	13072170	425ce957b28a487913bc7e0ef2fad951	TCGA-LUSC	TCGA-96-8170	TCGA-96-8170-01A	Primary Tumor
a09668b4-91d5-428e-b8c4-9b793a854da5	b6d7d5db-9816-44b7-89cb-ec093a1ab279.methylation_array.sesame.level3betas.txt	13102151	edc1e62616a98d8e84848007c0990039	TCGA-LUSC	TCGA-96-A4JK	TCGA-96-A4JK-01A	Primary Tumor
191019b5-403a-4db3-afb2-f6d7ee046290	b7d43266-3774-4b6c-92ca-8a43663a89cd.methylation_array.sesame.level3betas.txt	13122698	29a5e1ef8567c8a50e8402a25138155a	TCGA-LUSC	TCGA-96-A4JL	TCGA-96-A4JL-01A	Primary Tumor
2f49ce0d-e7fc-40ae-b43e-a7e052336247	b9d731a7-cf05-45e5-b7e3-44c14d256162.methylation_array.sesame.level3betas.txt	13083537	03654acbabe1eaac94fa6fac8ade5bcf	TCGA-LUSC	TCGA-98-7454	TCGA-98-7454-01A	Primary Tumor
4f5d2e81-616a-490e-a420-f0710d6a43d4	9c949bf2-215e-4e4c-b07d-8317155d8ced.methylation_array.sesame.level3betas.txt	13129800	1e48ca9d05c7caed10ef35b8172bf014	TCGA-LUSC	TCGA-98-8020	TCGA-98-8020-01A	Primary Tumor
f5f2a2f9-e154-48b0-b732-9a4b74e74c2e	3e3edf95-21ee-4f5d-aab8-5b495d2c5981.methylation_array.sesame.level3betas.txt	13171845	962d6d5172ce49b6ef3c3417e3a16cdc	TCGA-LUSC	TCGA-98-8021	TCGA-98-8021-01A	Primary Tumor
4973e5f5-b3bb-456d-8451-e40995f70156	29029f33-4e39-43cf-b625-256a497864cc.methylation_array.sesame.level3betas.txt	13105650	a4bc2933da087be0bec1d41f72217db1	TCGA-LUSC	TCGA-98-8022	TCGA-98-8022-01A	Primary Tumor
eddaba94-c9be-4ef2-8a03-6b9848db10a1	6b52da40-28cb-48d7-b73c-6c97672f679d.methylation_array.sesame.level3betas.txt	13164206	8a8a115968660eddd3863772a6bdd4cb	TCGA-LUSC	TCGA-98-8023	TCGA-98-8023-01A	Primary Tumor
2497f337-2ca3-4676-8d6d-572e3e467af3	5c56ddc3-b758-4915-a23b-a70e1bd591fd.methylation_array.sesame.level3betas.txt	12985729	bff90784574a2c8308506f1179c10be1	TCGA-LUSC	TCGA-98-A538	TCGA-98-A538-01A	Primary Tumor
23070702-8eec-4315-9c37-206fa701f57f	63168858-322b-49e2-bfd1-bba2467824f2.methylation_array.sesame.level3betas.txt	12824675	9b60df8f1da9c73544df815ce03b36ff	TCGA-LUSC	TCGA-98-A539	TCGA-98-A539-01A	Primary Tumor
af88d09a-c28b-4b44-b7a5-66825b2ddf85	65cadb64-d412-40bd-ba02-362ac4302d25.methylation_array.sesame.level3betas.txt	13064932	b84f6f0b68900559c6f862e2eda70610	TCGA-LUSC	TCGA-98-A53A	TCGA-98-A53A-01A	Primary Tumor
d178ab55-31de-491d-9048-2aebbdc03c1a	4675c0ee-a2c3-4d88-a6e7-3db9f98c0c12.methylation_array.sesame.level3betas.txt	12997238	f5f45c223fab2b6716480e5995cb23ad	TCGA-LUSC	TCGA-98-A53B	TCGA-98-A53B-01A	Primary Tumor
ec01d2b1-0cc0-4dab-b901-528342ee244c	a9304c58-c25c-4dea-a167-92a4dbe82caf.methylation_array.sesame.level3betas.txt	12957329	85087cf6285bbca6c71800ec2d59e42a	TCGA-LUSC	TCGA-98-A53C	TCGA-98-A53C-01A	Primary Tumor
7d1d4623-b4e0-406f-a1c9-e8e6d269ca44	b99b0386-5dfb-41e1-8930-09757b07c320.methylation_array.sesame.level3betas.txt	13135104	7fb869b0d6f946013deb231b50acb590	TCGA-LUSC	TCGA-98-A53D	TCGA-98-A53D-01A	Primary Tumor
86ab0253-ee8e-4167-b5af-389a5a20050f	a3c2deb2-1249-45d8-93c0-96fea702a4e4.methylation_array.sesame.level3betas.txt	12752567	638959605dbcc940846ff4816d9af3bf	TCGA-LUSC	TCGA-98-A53H	TCGA-98-A53H-01A	Primary Tumor
60298b47-6a48-4f7e-b887-00d85afaa15a	2a13a1a9-bce0-4fe1-a460-3b2407a441a8.methylation_array.sesame.level3betas.txt	13017238	dcdd1244e41265302881ce6c4dc96e0e	TCGA-LUSC	TCGA-98-A53I	TCGA-98-A53I-01A	Primary Tumor
d99a664d-a01c-49ae-bfd1-dd79302f05d8	421ad478-fea6-4522-98a4-b66cba0fffbf.methylation_array.sesame.level3betas.txt	13151305	3398c9d7d65aed31ddd3d420d8523b58	TCGA-LUSC	TCGA-98-A53J	TCGA-98-A53J-01A	Primary Tumor
a80c8030-c104-4381-9b84-aed3c8546d3a	90ef46e9-a9cc-4035-8051-e676ab549b80.methylation_array.sesame.level3betas.txt	12886816	62df96d9f20d3483e1768dde7b969ecb	TCGA-LUSC	TCGA-J1-A4AH	TCGA-J1-A4AH-01A	Primary Tumor
fb6eaa0d-ba0c-4ac3-bfb4-ae5586d3893d	8e767d33-7816-47ab-93fe-e3a035a4e43f.methylation_array.sesame.level3betas.txt	13167949	e57425a4e219c95b53b7dee837aab032	TCGA-LUSC	TCGA-L3-A4E7	TCGA-L3-A4E7-01A	Primary Tumor
fb349ba9-1fec-48a7-82d3-9265d2f516c5	2a1a8072-e051-437e-9074-cbb66c8a09d8.methylation_array.sesame.level3betas.txt	12950325	620ed05d8435625eb20adc43aa83a717	TCGA-LUSC	TCGA-L3-A524	TCGA-L3-A524-01A	Primary Tumor
975bea7b-ad93-4e19-ab16-0e41f8863dc9	17e15291-b599-476e-8b90-30e81f5106d7.methylation_array.sesame.level3betas.txt	13111676	1421cecd00a867bcf8bf6f44ed947441	TCGA-LUSC	TCGA-LA-A446	TCGA-LA-A446-01A	Primary Tumor
42050b67-4526-4efe-9a78-91d320e5565c	8e8ef4bc-c87f-45c3-9915-fa2364dc254f.methylation_array.sesame.level3betas.txt	11874917	42ef35456291f6cab4389d3d4f3bba26	TCGA-LUSC	TCGA-LA-A7SW	TCGA-LA-A7SW-01A	Primary Tumor
7a712b16-747f-4359-a7ce-00a874501d04	f78cd93c-77b1-4665-95a2-775f1c65d3a5.methylation_array.sesame.level3betas.txt	12662564	955e37239f9cf835d07a0c42c5453e09	TCGA-LUSC	TCGA-MF-A522	TCGA-MF-A522-01A	Primary Tumor
4cdcc166-9f2c-43f8-aa4c-96f2f5a1fae9	72132796-0b0a-4114-afc8-acf29639f38b.methylation_array.sesame.level3betas.txt	13105825	d7cc96176f32b62d3be8b0ea1b8201d4	TCGA-LUSC	TCGA-NC-A5HD	TCGA-NC-A5HD-01A	Primary Tumor
8b778b27-d01c-475f-911f-6e258f60953c	6f836b08-21fd-418b-80c7-3de8298efa0f.methylation_array.sesame.level3betas.txt	13180560	9c065821a253b8b57899d83939547dcf	TCGA-LUSC	TCGA-NC-A5HE	TCGA-NC-A5HE-01A	Primary Tumor
fd3a3d36-e84c-4fbd-892b-b46f2a97840f	cd9b4e0a-fea2-4d6f-ac59-869a0cd4ac42.methylation_array.sesame.level3betas.txt	13149451	e2ede98761799ad990c55299e783d26f	TCGA-LUSC	TCGA-NC-A5HF	TCGA-NC-A5HF-01A	Primary Tumor
69a99789-9dc3-404e-94f7-ccd8449dad6c	447bda92-cc61-4809-a5e6-a40e9f62f4e2.methylation_array.sesame.level3betas.txt	13097351	051254cafedf7c166e2dac935c44ac4a	TCGA-LUSC	TCGA-NC-A5HG	TCGA-NC-A5HG-01A	Primary Tumor
26d3bba3-d8f9-423c-9fa8-b7bd2ad3660d	bdba80bc-289b-4f09-867d-9eadeb3c6d0b.methylation_array.sesame.level3betas.txt	13059566	dfb49a9a556664d4913e71069cb893d4	TCGA-LUSC	TCGA-NC-A5HH	TCGA-NC-A5HH-01A	Primary Tumor
f3e97452-60d3-49c6-bd32-3c35cc65beda	11fcba9e-3c7f-4d08-a78e-fb4419e0f1f1.methylation_array.sesame.level3betas.txt	13134938	01c6bb48f834c90ff8b745d989a96146	TCGA-LUSC	TCGA-NC-A5HI	TCGA-NC-A5HI-01A	Primary Tumor
30aa5cc4-2750-46c1-8d7f-a4132ac411c6	bacbc796-aae7-4ec6-89b2-02ced5791239.methylation_array.sesame.level3betas.txt	13172738	10c16050a7dc435cc05c6808b2319dff	TCGA-LUSC	TCGA-NC-A5HJ	TCGA-NC-A5HJ-01A	Primary Tumor
a5782411-5b05-477a-a0a0-1a177aa6d336	fdac3a15-927b-4328-81eb-a4b62c8a70f7.methylation_array.sesame.level3betas.txt	13138293	cafdc196ab27c1f2adc5b9dd9f1e7ea8	TCGA-LUSC	TCGA-NC-A5HK	TCGA-NC-A5HK-01A	Primary Tumor
9f7bacb9-4f4a-46ce-b8e3-1bbcfe5914bd	b044f055-c546-4c3f-b055-dfa072c0972a.methylation_array.sesame.level3betas.txt	13115664	54452b96a3673c0fe2f4ce255bf2d1b1	TCGA-LUSC	TCGA-NC-A5HL	TCGA-NC-A5HL-01A	Primary Tumor
9330a344-ef09-4d00-9656-c5f8298f3666	facf1965-c115-46c2-b51e-e09b6889558b.methylation_array.sesame.level3betas.txt	13163434	d0f9d81e899c2deeece19472929a9612	TCGA-LUSC	TCGA-NC-A5HM	TCGA-NC-A5HM-01A	Primary Tumor
b48f5b6d-9491-4bb7-8c2a-4a2140c5514d	33695469-89a4-4817-95b5-2d6c82ae8966.methylation_array.sesame.level3betas.txt	13120231	5550206a2f5cd6e54d0d9c6b8ed45d22	TCGA-LUSC	TCGA-NC-A5HN	TCGA-NC-A5HN-01A	Primary Tumor
049e9c45-a2e9-4c47-addb-edb597fec551	86d4e7d1-4e35-4e74-b48f-55b8973f680a.methylation_array.sesame.level3betas.txt	13136298	1358da0a4565f800df305d5cb4f1696c	TCGA-LUSC	TCGA-NC-A5HO	TCGA-NC-A5HO-01A	Primary Tumor
f637acb6-ea6a-418c-9fbb-3c8ec2165698	23eeb2af-05ab-4759-93ff-4a2c19d6cd50.methylation_array.sesame.level3betas.txt	13166713	9573fe14c898e4bde1766cc615e14090	TCGA-LUSC	TCGA-NC-A5HP	TCGA-NC-A5HP-01A	Primary Tumor
5e41267f-d501-4e01-87c9-2638db3d0263	00017e46-2951-45c3-8562-373f21d892b3.methylation_array.sesame.level3betas.txt	13141202	aaf1d846040d19e6e8d71ea051bef13f	TCGA-LUSC	TCGA-NC-A5HQ	TCGA-NC-A5HQ-01A	Primary Tumor
1542a413-2bba-46cd-9eb4-a45c890aaa71	d3c52f83-8d2a-4914-ac8b-6b2b504f1c88.methylation_array.sesame.level3betas.txt	13176174	08991c145bc3ea15536fab53f5934427	TCGA-LUSC	TCGA-NC-A5HR	TCGA-NC-A5HR-01A	Primary Tumor
9eee2d03-291c-4065-ad65-b38e2e6e81c1	fb68034a-42b3-414a-8526-da397bca46b4.methylation_array.sesame.level3betas.txt	13037337	60d8116ac993e7501175b81695fd19fb	TCGA-LUSC	TCGA-NC-A5HT	TCGA-NC-A5HT-01A	Primary Tumor
d7635e34-3f82-42b8-97ee-38807f797103	26239ed7-b8f0-4986-a3f7-f0d36ebf1738.methylation_array.sesame.level3betas.txt	13147544	44931ee84f72f72b515f12fab88d2ebb	TCGA-LUSC	TCGA-NK-A5CR	TCGA-NK-A5CR-01A	Primary Tumor
573e0c65-6b49-43b0-9919-5c99833977bf	1f618ddf-cb65-4262-9cff-6da07d9b3f5e.methylation_array.sesame.level3betas.txt	13177458	b05a9dbea3df0d9d35bcf3129faebc4c	TCGA-LUSC	TCGA-NK-A5CT	TCGA-NK-A5CT-01A	Primary Tumor
567d8c6d-fe92-44e7-aff4-d146f81527b3	f068a527-fcf7-4f10-aa41-3e76c0cf3ba4.methylation_array.sesame.level3betas.txt	13168496	116e44f310f81a33f01a6417e63bd151	TCGA-LUSC	TCGA-NK-A5CX	TCGA-NK-A5CX-01A	Primary Tumor
9644d10e-9090-4cc4-a47c-1d5e8b399541	ced86fb6-c258-4742-8b40-32bb56619541.methylation_array.sesame.level3betas.txt	13142400	842e9620bfb9383865ddf5a35c83e2d1	TCGA-LUSC	TCGA-NK-A5D1	TCGA-NK-A5D1-01A	Primary Tumor
c69ef1da-c810-4515-b9d6-a7bf1bf39068	dfdbf89c-1705-4e17-b812-9e45ffd16c43.methylation_array.sesame.level3betas.txt	12752312	9151a0b7d211e8d793a882ed6be4f8e1	TCGA-LUSC	TCGA-NK-A7XE	TCGA-NK-A7XE-01A	Primary Tumor
8dc0a2e8-3cc8-4d19-a957-8c698a35530b	34137c82-4997-4adf-8fc7-e8fc126a31a3.methylation_array.sesame.level3betas.txt	13129731	5164122bcd9d3fc4019a75c8b04cf2bc	TCGA-LUSC	TCGA-O2-A52N	TCGA-O2-A52N-01A	Primary Tumor
a4c11662-11b6-4f3d-b41d-8589f8f7462d	3a5cd065-b2fe-42ef-9877-5296b34d3f41.methylation_array.sesame.level3betas.txt	13084378	eb37cdfb323f223a737cb08dae7b149e	TCGA-LUSC	TCGA-O2-A52Q	TCGA-O2-A52Q-01A	Primary Tumor
d43901bb-9aaf-4738-8d67-b22020943bab	38f68908-ec2a-4a32-9b22-d0925027e36c.methylation_array.sesame.level3betas.txt	13049025	3066fef53a5b21ddf87090ec902c535e	TCGA-LUSC	TCGA-O2-A52S	TCGA-O2-A52S-01A	Primary Tumor
ad781d53-cd11-4be5-983f-6c4dcb425b36	22d06ebf-d1b3-4a04-9e2d-826139c5e1cb.methylation_array.sesame.level3betas.txt	12922687	fea983a62889a5499ca56e57e1bc996a	TCGA-LUSC	TCGA-O2-A52V	TCGA-O2-A52V-01A	Primary Tumor
64223c15-b221-4210-97c2-e43570dca711	02bfc08e-9383-4b0b-8e6f-2ecd329812ef.methylation_array.sesame.level3betas.txt	13150850	f64d4f8a58b367a1cb5857ea0a4daa9d	TCGA-LUSC	TCGA-O2-A52W	TCGA-O2-A52W-01A	Primary Tumor
c6eae9c3-625e-43c5-a969-d408ea922d55	8d19c5a5-5c8f-42e4-bc66-b3411c20d3b1.methylation_array.sesame.level3betas.txt	13135530	32245d3212145aaa67d4e920290c5fb1	TCGA-LUSC	TCGA-O2-A5IB	TCGA-O2-A5IB-01A	Primary Tumor
c6af800c-a501-4727-8a9a-a92f9e39189a	7534053e-eac2-4dcc-ad69-19be756369a0.methylation_array.sesame.level3betas.txt	12473461	76064d24e6ea1a4a9e5bc66aab4e9bea	TCGA-LUSC	TCGA-XC-AA0X	TCGA-XC-AA0X-01A	Primary Tumor
